-- MySQL dump 10.13  Distrib 5.7.27, for Linux (x86_64)
--
-- Host: covid19tracker.mysql.pythonanywhere-services.com    Database: covid19tracker$coviddatabase
-- ------------------------------------------------------
-- Server version	5.7.28-log

/*!40101 SET @OLD_CHARACTER_SET_CLIENT=@@CHARACTER_SET_CLIENT */;
/*!40101 SET @OLD_CHARACTER_SET_RESULTS=@@CHARACTER_SET_RESULTS */;
/*!40101 SET @OLD_COLLATION_CONNECTION=@@COLLATION_CONNECTION */;
/*!40101 SET NAMES utf8 */;
/*!40103 SET @OLD_TIME_ZONE=@@TIME_ZONE */;
/*!40103 SET TIME_ZONE='+00:00' */;
/*!40014 SET @OLD_UNIQUE_CHECKS=@@UNIQUE_CHECKS, UNIQUE_CHECKS=0 */;
/*!40014 SET @OLD_FOREIGN_KEY_CHECKS=@@FOREIGN_KEY_CHECKS, FOREIGN_KEY_CHECKS=0 */;
/*!40101 SET @OLD_SQL_MODE=@@SQL_MODE, SQL_MODE='NO_AUTO_VALUE_ON_ZERO' */;
/*!40111 SET @OLD_SQL_NOTES=@@SQL_NOTES, SQL_NOTES=0 */;
SET @MYSQLDUMP_TEMP_LOG_BIN = @@SESSION.SQL_LOG_BIN;
SET @@SESSION.SQL_LOG_BIN= 0;

--
-- GTID state at the beginning of the backup 
--

SET @@GLOBAL.GTID_PURGED='';

--
-- Table structure for table `auth_group`
--

DROP TABLE IF EXISTS `auth_group`;
/*!40101 SET @saved_cs_client     = @@character_set_client */;
/*!40101 SET character_set_client = utf8 */;
CREATE TABLE `auth_group` (
  `id` int(11) NOT NULL AUTO_INCREMENT,
  `name` varchar(150) NOT NULL,
  PRIMARY KEY (`id`),
  UNIQUE KEY `name` (`name`)
) ENGINE=InnoDB DEFAULT CHARSET=utf8;
/*!40101 SET character_set_client = @saved_cs_client */;

--
-- Dumping data for table `auth_group`
--

LOCK TABLES `auth_group` WRITE;
/*!40000 ALTER TABLE `auth_group` DISABLE KEYS */;
/*!40000 ALTER TABLE `auth_group` ENABLE KEYS */;
UNLOCK TABLES;

--
-- Table structure for table `auth_group_permissions`
--

DROP TABLE IF EXISTS `auth_group_permissions`;
/*!40101 SET @saved_cs_client     = @@character_set_client */;
/*!40101 SET character_set_client = utf8 */;
CREATE TABLE `auth_group_permissions` (
  `id` int(11) NOT NULL AUTO_INCREMENT,
  `group_id` int(11) NOT NULL,
  `permission_id` int(11) NOT NULL,
  PRIMARY KEY (`id`),
  UNIQUE KEY `auth_group_permissions_group_id_permission_id_0cd325b0_uniq` (`group_id`,`permission_id`),
  KEY `auth_group_permissio_permission_id_84c5c92e_fk_auth_perm` (`permission_id`),
  CONSTRAINT `auth_group_permissio_permission_id_84c5c92e_fk_auth_perm` FOREIGN KEY (`permission_id`) REFERENCES `auth_permission` (`id`),
  CONSTRAINT `auth_group_permissions_group_id_b120cbf9_fk_auth_group_id` FOREIGN KEY (`group_id`) REFERENCES `auth_group` (`id`)
) ENGINE=InnoDB DEFAULT CHARSET=utf8;
/*!40101 SET character_set_client = @saved_cs_client */;

--
-- Dumping data for table `auth_group_permissions`
--

LOCK TABLES `auth_group_permissions` WRITE;
/*!40000 ALTER TABLE `auth_group_permissions` DISABLE KEYS */;
/*!40000 ALTER TABLE `auth_group_permissions` ENABLE KEYS */;
UNLOCK TABLES;

--
-- Table structure for table `auth_permission`
--

DROP TABLE IF EXISTS `auth_permission`;
/*!40101 SET @saved_cs_client     = @@character_set_client */;
/*!40101 SET character_set_client = utf8 */;
CREATE TABLE `auth_permission` (
  `id` int(11) NOT NULL AUTO_INCREMENT,
  `name` varchar(255) NOT NULL,
  `content_type_id` int(11) NOT NULL,
  `codename` varchar(100) NOT NULL,
  PRIMARY KEY (`id`),
  UNIQUE KEY `auth_permission_content_type_id_codename_01ab375a_uniq` (`content_type_id`,`codename`),
  CONSTRAINT `auth_permission_content_type_id_2f476e4b_fk_django_co` FOREIGN KEY (`content_type_id`) REFERENCES `django_content_type` (`id`)
) ENGINE=InnoDB AUTO_INCREMENT=37 DEFAULT CHARSET=utf8;
/*!40101 SET character_set_client = @saved_cs_client */;

--
-- Dumping data for table `auth_permission`
--

LOCK TABLES `auth_permission` WRITE;
/*!40000 ALTER TABLE `auth_permission` DISABLE KEYS */;
INSERT INTO `auth_permission` VALUES (1,'Can add log entry',1,'add_logentry'),(2,'Can change log entry',1,'change_logentry'),(3,'Can delete log entry',1,'delete_logentry'),(4,'Can view log entry',1,'view_logentry'),(5,'Can add permission',2,'add_permission'),(6,'Can change permission',2,'change_permission'),(7,'Can delete permission',2,'delete_permission'),(8,'Can view permission',2,'view_permission'),(9,'Can add group',3,'add_group'),(10,'Can change group',3,'change_group'),(11,'Can delete group',3,'delete_group'),(12,'Can view group',3,'view_group'),(13,'Can add user',4,'add_user'),(14,'Can change user',4,'change_user'),(15,'Can delete user',4,'delete_user'),(16,'Can view user',4,'view_user'),(17,'Can add content type',5,'add_contenttype'),(18,'Can change content type',5,'change_contenttype'),(19,'Can delete content type',5,'delete_contenttype'),(20,'Can view content type',5,'view_contenttype'),(21,'Can add session',6,'add_session'),(22,'Can change session',6,'change_session'),(23,'Can delete session',6,'delete_session'),(24,'Can view session',6,'view_session'),(25,'Can add country',7,'add_country'),(26,'Can change country',7,'change_country'),(27,'Can delete country',7,'delete_country'),(28,'Can view country',7,'view_country'),(29,'Can add subregion',8,'add_subregion'),(30,'Can change subregion',8,'change_subregion'),(31,'Can delete subregion',8,'delete_subregion'),(32,'Can view subregion',8,'view_subregion'),(33,'Can add afile',9,'add_afile'),(34,'Can change afile',9,'change_afile'),(35,'Can delete afile',9,'delete_afile'),(36,'Can view afile',9,'view_afile');
/*!40000 ALTER TABLE `auth_permission` ENABLE KEYS */;
UNLOCK TABLES;

--
-- Table structure for table `auth_user`
--

DROP TABLE IF EXISTS `auth_user`;
/*!40101 SET @saved_cs_client     = @@character_set_client */;
/*!40101 SET character_set_client = utf8 */;
CREATE TABLE `auth_user` (
  `id` int(11) NOT NULL AUTO_INCREMENT,
  `password` varchar(128) NOT NULL,
  `last_login` datetime(6) DEFAULT NULL,
  `is_superuser` tinyint(1) NOT NULL,
  `username` varchar(150) NOT NULL,
  `first_name` varchar(30) NOT NULL,
  `last_name` varchar(150) NOT NULL,
  `email` varchar(254) NOT NULL,
  `is_staff` tinyint(1) NOT NULL,
  `is_active` tinyint(1) NOT NULL,
  `date_joined` datetime(6) NOT NULL,
  PRIMARY KEY (`id`),
  UNIQUE KEY `username` (`username`)
) ENGINE=InnoDB AUTO_INCREMENT=2 DEFAULT CHARSET=utf8;
/*!40101 SET character_set_client = @saved_cs_client */;

--
-- Dumping data for table `auth_user`
--

LOCK TABLES `auth_user` WRITE;
/*!40000 ALTER TABLE `auth_user` DISABLE KEYS */;
INSERT INTO `auth_user` VALUES (1,'pbkdf2_sha256$150000$1SGpeIjN6gwc$vklRXDeKA7uHOkMi4PiffIXh9xGINR01bu7yfoM45xk=','2020-04-01 13:36:03.030717',1,'admin','','','',1,1,'2020-03-28 07:11:10.312000');
/*!40000 ALTER TABLE `auth_user` ENABLE KEYS */;
UNLOCK TABLES;

--
-- Table structure for table `auth_user_groups`
--

DROP TABLE IF EXISTS `auth_user_groups`;
/*!40101 SET @saved_cs_client     = @@character_set_client */;
/*!40101 SET character_set_client = utf8 */;
CREATE TABLE `auth_user_groups` (
  `id` int(11) NOT NULL AUTO_INCREMENT,
  `user_id` int(11) NOT NULL,
  `group_id` int(11) NOT NULL,
  PRIMARY KEY (`id`),
  UNIQUE KEY `auth_user_groups_user_id_group_id_94350c0c_uniq` (`user_id`,`group_id`),
  KEY `auth_user_groups_group_id_97559544_fk_auth_group_id` (`group_id`),
  CONSTRAINT `auth_user_groups_group_id_97559544_fk_auth_group_id` FOREIGN KEY (`group_id`) REFERENCES `auth_group` (`id`),
  CONSTRAINT `auth_user_groups_user_id_6a12ed8b_fk_auth_user_id` FOREIGN KEY (`user_id`) REFERENCES `auth_user` (`id`)
) ENGINE=InnoDB DEFAULT CHARSET=utf8;
/*!40101 SET character_set_client = @saved_cs_client */;

--
-- Dumping data for table `auth_user_groups`
--

LOCK TABLES `auth_user_groups` WRITE;
/*!40000 ALTER TABLE `auth_user_groups` DISABLE KEYS */;
/*!40000 ALTER TABLE `auth_user_groups` ENABLE KEYS */;
UNLOCK TABLES;

--
-- Table structure for table `auth_user_user_permissions`
--

DROP TABLE IF EXISTS `auth_user_user_permissions`;
/*!40101 SET @saved_cs_client     = @@character_set_client */;
/*!40101 SET character_set_client = utf8 */;
CREATE TABLE `auth_user_user_permissions` (
  `id` int(11) NOT NULL AUTO_INCREMENT,
  `user_id` int(11) NOT NULL,
  `permission_id` int(11) NOT NULL,
  PRIMARY KEY (`id`),
  UNIQUE KEY `auth_user_user_permissions_user_id_permission_id_14a6b632_uniq` (`user_id`,`permission_id`),
  KEY `auth_user_user_permi_permission_id_1fbb5f2c_fk_auth_perm` (`permission_id`),
  CONSTRAINT `auth_user_user_permi_permission_id_1fbb5f2c_fk_auth_perm` FOREIGN KEY (`permission_id`) REFERENCES `auth_permission` (`id`),
  CONSTRAINT `auth_user_user_permissions_user_id_a95ead1b_fk_auth_user_id` FOREIGN KEY (`user_id`) REFERENCES `auth_user` (`id`)
) ENGINE=InnoDB DEFAULT CHARSET=utf8;
/*!40101 SET character_set_client = @saved_cs_client */;

--
-- Dumping data for table `auth_user_user_permissions`
--

LOCK TABLES `auth_user_user_permissions` WRITE;
/*!40000 ALTER TABLE `auth_user_user_permissions` DISABLE KEYS */;
/*!40000 ALTER TABLE `auth_user_user_permissions` ENABLE KEYS */;
UNLOCK TABLES;

--
-- Table structure for table `django_admin_log`
--

DROP TABLE IF EXISTS `django_admin_log`;
/*!40101 SET @saved_cs_client     = @@character_set_client */;
/*!40101 SET character_set_client = utf8 */;
CREATE TABLE `django_admin_log` (
  `id` int(11) NOT NULL AUTO_INCREMENT,
  `action_time` datetime(6) NOT NULL,
  `object_id` longtext,
  `object_repr` varchar(200) NOT NULL,
  `action_flag` smallint(5) unsigned NOT NULL,
  `change_message` longtext NOT NULL,
  `content_type_id` int(11) DEFAULT NULL,
  `user_id` int(11) NOT NULL,
  PRIMARY KEY (`id`),
  KEY `django_admin_log_content_type_id_c4bce8eb_fk_django_co` (`content_type_id`),
  KEY `django_admin_log_user_id_c564eba6_fk_auth_user_id` (`user_id`),
  CONSTRAINT `django_admin_log_content_type_id_c4bce8eb_fk_django_co` FOREIGN KEY (`content_type_id`) REFERENCES `django_content_type` (`id`),
  CONSTRAINT `django_admin_log_user_id_c564eba6_fk_auth_user_id` FOREIGN KEY (`user_id`) REFERENCES `auth_user` (`id`)
) ENGINE=InnoDB AUTO_INCREMENT=84 DEFAULT CHARSET=utf8;
/*!40101 SET character_set_client = @saved_cs_client */;

--
-- Dumping data for table `django_admin_log`
--

LOCK TABLES `django_admin_log` WRITE;
/*!40000 ALTER TABLE `django_admin_log` DISABLE KEYS */;
INSERT INTO `django_admin_log` VALUES (1,'2020-03-28 07:11:29.983000','2','USA',1,'[{\"added\": {}}]',7,1),(2,'2020-03-28 07:11:36.095000','2','USA',3,'',7,1),(3,'2020-03-28 07:11:40.514000','1','India',3,'',7,1),(4,'2020-03-28 08:17:21.739000','171','Channel Islands',2,'[{\"changed\": {\"fields\": [\"code\", \"dead_color\"]}}]',7,1),(5,'2020-03-28 08:19:16.618000','150','Vietnam',2,'[{\"changed\": {\"fields\": [\"code\", \"dead_color\"]}}]',7,1),(6,'2020-03-28 08:19:45.391000','145','UAE',2,'[{\"changed\": {\"fields\": [\"code\", \"dead_color\"]}}]',7,1),(7,'2020-03-28 08:20:17.745000','140','Faeroe Islands',2,'[{\"changed\": {\"fields\": [\"code\", \"dead_color\"]}}]',7,1),(8,'2020-03-28 08:21:39.853000','129','CAR',2,'[{\"changed\": {\"fields\": [\"code\", \"dead_color\"]}}]',7,1),(9,'2020-03-28 08:22:21.289000','119','Saint Martin',2,'[{\"changed\": {\"fields\": [\"code\", \"dead_color\"]}}]',7,1),(10,'2020-03-28 08:22:50.997000','102','Curaçao',2,'[{\"changed\": {\"fields\": [\"code\", \"dead_color\"]}}]',7,1),(11,'2020-03-28 08:46:26.501000','97','UK',2,'[{\"changed\": {\"fields\": [\"code\", \"dead_color\"]}}]',7,1),(12,'2020-03-28 08:47:08.014000','83','Eswatini',2,'[{\"changed\": {\"fields\": [\"code\", \"dead_color\"]}}]',7,1),(13,'2020-03-28 08:47:27.780000','79','Turks and Caicos',2,'[{\"changed\": {\"fields\": [\"code\", \"dead_color\"]}}]',7,1),(14,'2020-03-28 08:47:52.446000','72','USA',2,'[{\"changed\": {\"fields\": [\"code\", \"dead_color\"]}}]',7,1),(15,'2020-03-28 08:48:10.968000','67','Cabo Verde',2,'[{\"changed\": {\"fields\": [\"code\", \"dead_color\"]}}]',7,1),(16,'2020-03-28 08:49:32.464000','64','Czechia',2,'[{\"changed\": {\"fields\": [\"code\", \"dead_color\"]}}]',7,1),(17,'2020-03-28 08:50:06.013000','61','St. Barth',2,'[{\"changed\": {\"fields\": [\"code\", \"dead_color\"]}}]',7,1),(18,'2020-03-28 08:50:34.147000','16','Sint Maarten',2,'[{\"changed\": {\"fields\": [\"code\", \"dead_color\"]}}]',7,1),(19,'2020-03-28 08:50:56.272000','15','St. Vincent Grenadines',2,'[{\"changed\": {\"fields\": [\"code\", \"dead_color\"]}}]',7,1),(20,'2020-03-28 08:51:56.384000','65','Diamond Princess',3,'',7,1),(21,'2020-03-29 07:03:27.952000','206','Tajikistan',1,'[{\"added\": {}}]',7,1),(22,'2020-03-29 07:04:18.884000','207','Turkmenistan',1,'[{\"added\": {}}]',7,1),(23,'2020-03-29 07:04:57.576000','208','Yemen',1,'[{\"added\": {}}]',7,1),(24,'2020-03-29 07:05:36.057000','209','South Sudan',1,'[{\"added\": {}}]',7,1),(25,'2020-03-29 07:06:28.887000','210','Democratic Republic of Congo',1,'[{\"added\": {}}]',7,1),(26,'2020-03-29 07:06:54.125000','211','Malawi',1,'[{\"added\": {}}]',7,1),(27,'2020-03-29 07:07:16.337000','212','Botswana',1,'[{\"added\": {}}]',7,1),(28,'2020-03-29 07:07:43.236000','213','Lesotho',1,'[{\"added\": {}}]',7,1),(29,'2020-03-29 07:08:18.412000','214','Rwanda',1,'[{\"added\": {}}]',7,1),(30,'2020-03-29 07:09:06.605000','215','Sierra Leone',1,'[{\"added\": {}}]',7,1),(31,'2020-03-29 07:09:46.744000','216','Burundi',1,'[{\"added\": {}}]',7,1),(32,'2020-03-29 07:10:17.705000','217','Western Sahara',1,'[{\"added\": {}}]',7,1),(33,'2020-03-29 07:11:17.151000','218','Kosovo',1,'[{\"added\": {}}]',7,1),(34,'2020-03-29 07:12:46.520000','219','Solomon Islands',1,'[{\"added\": {}}]',7,1),(35,'2020-03-29 07:14:06.805000','220','Vanuatu',1,'[{\"added\": {}}]',7,1),(36,'2020-03-29 07:14:55.563000','221','American Samoa',1,'[{\"added\": {}}]',7,1),(37,'2020-03-29 07:15:29.946000','222','Tonga TO',1,'[{\"added\": {}}]',7,1),(38,'2020-03-29 07:15:34.607000','222','Tonga',2,'[{\"changed\": {\"fields\": [\"name\", \"code\"]}}]',7,1),(39,'2020-03-29 07:15:50.143000','223','Niue',1,'[{\"added\": {}}]',7,1),(40,'2020-03-29 07:16:24.965000','224','Cook Islands',1,'[{\"added\": {}}]',7,1),(41,'2020-03-29 07:16:58.668000','225','Samoa',1,'[{\"added\": {}}]',7,1),(42,'2020-03-29 07:17:24.042000','226','Antarctica',1,'[{\"added\": {}}]',7,1),(43,'2020-03-29 07:18:28.194000','227','Falkland Islands',1,'[{\"added\": {}}]',7,1),(44,'2020-03-29 07:19:05.019000','228','South Georgia',1,'[{\"added\": {}}]',7,1),(45,'2020-03-29 07:20:04.381000','229','Puerto Rico',1,'[{\"added\": {}}]',7,1),(46,'2020-03-29 07:20:38.298000','230','British Virgin Islands',1,'[{\"added\": {}}]',7,1),(47,'2020-03-29 07:21:32.457000','231','Iceland',1,'[{\"added\": {}}]',7,1),(48,'2020-03-29 07:23:17.095000','231','Iceland',2,'[]',7,1),(49,'2020-03-29 07:23:47.642000','231','Iceland',3,'',7,1),(50,'2020-03-29 07:24:04.366000','232','Svalbard',1,'[{\"added\": {}}]',7,1),(51,'2020-03-29 07:39:37.680000','233','North Korea',1,'[{\"added\": {}}]',7,1),(52,'2020-03-30 06:03:29.259000','4','world - color',3,'',9,1),(53,'2020-03-30 06:03:29.687000','3','world - stats',3,'',9,1),(54,'2020-03-30 06:03:29.738000','2','india - color',3,'',9,1),(55,'2020-03-30 06:03:29.815000','1','india - stats',3,'',9,1),(56,'2020-03-30 06:07:49.610000','87','India',2,'[{\"changed\": {\"fields\": [\"total_cases\", \"new_infected\", \"infected\", \"dead\", \"cured\", \"cases_per_million\", \"dead_per_million\", \"first_case_date\", \"dead_color\", \"infected_color\"]}}]',7,1),(57,'2020-03-30 06:08:34.808000','5','world - stats',3,'',9,1),(58,'2020-03-30 06:12:51.142000','10','india - color',3,'',9,1),(59,'2020-03-30 06:12:51.986000','9','india - stats',3,'',9,1),(60,'2020-03-30 06:12:52.037000','8','world - color',3,'',9,1),(61,'2020-03-30 06:12:52.089000','7','world - stats',3,'',9,1),(62,'2020-03-30 06:12:52.141000','6','world - stats',3,'',9,1),(63,'2020-03-30 06:27:30.905000','31','world - stats',3,'',9,1),(64,'2020-03-30 06:27:32.071000','30','india - color',3,'',9,1),(65,'2020-03-30 06:27:32.123000','29','india - stats',3,'',9,1),(66,'2020-03-30 06:27:32.200000','28','world - color',3,'',9,1),(67,'2020-03-30 06:27:32.742000','27','world - stats',3,'',9,1),(68,'2020-03-30 06:27:32.926000','26','india - color',3,'',9,1),(69,'2020-03-30 06:27:32.977000','25','india - stats',3,'',9,1),(70,'2020-03-30 06:27:33.054000','24','world - color',3,'',9,1),(71,'2020-03-30 06:27:33.105000','23','world - stats',3,'',9,1),(72,'2020-03-30 06:27:33.182000','22','india - color',3,'',9,1),(73,'2020-03-30 06:27:33.239000','21','india - stats',3,'',9,1),(74,'2020-03-30 06:27:33.321000','20','world - color',3,'',9,1),(75,'2020-03-30 06:27:33.376000','19','world - stats',3,'',9,1),(76,'2020-03-30 06:27:33.459000','18','india - color',3,'',9,1),(77,'2020-03-30 06:27:33.520000','17','india - stats',3,'',9,1),(78,'2020-03-30 06:27:33.616000','16','world - color',3,'',9,1),(79,'2020-03-30 06:27:33.677000','15','world - stats',3,'',9,1),(80,'2020-03-30 06:27:33.773000','14','india - color',3,'',9,1),(81,'2020-03-30 06:27:33.834000','13','india - stats',3,'',9,1),(82,'2020-03-30 06:27:33.930000','12','world - color',3,'',9,1),(83,'2020-03-30 06:27:33.991000','11','world - stats',3,'',9,1);
/*!40000 ALTER TABLE `django_admin_log` ENABLE KEYS */;
UNLOCK TABLES;

--
-- Table structure for table `django_content_type`
--

DROP TABLE IF EXISTS `django_content_type`;
/*!40101 SET @saved_cs_client     = @@character_set_client */;
/*!40101 SET character_set_client = utf8 */;
CREATE TABLE `django_content_type` (
  `id` int(11) NOT NULL AUTO_INCREMENT,
  `app_label` varchar(100) NOT NULL,
  `model` varchar(100) NOT NULL,
  PRIMARY KEY (`id`),
  UNIQUE KEY `django_content_type_app_label_model_76bd3d3b_uniq` (`app_label`,`model`)
) ENGINE=InnoDB AUTO_INCREMENT=10 DEFAULT CHARSET=utf8;
/*!40101 SET character_set_client = @saved_cs_client */;

--
-- Dumping data for table `django_content_type`
--

LOCK TABLES `django_content_type` WRITE;
/*!40000 ALTER TABLE `django_content_type` DISABLE KEYS */;
INSERT INTO `django_content_type` VALUES (1,'admin','logentry'),(3,'auth','group'),(2,'auth','permission'),(4,'auth','user'),(5,'contenttypes','contenttype'),(6,'sessions','session'),(9,'website','afile'),(7,'website','country'),(8,'website','subregion');
/*!40000 ALTER TABLE `django_content_type` ENABLE KEYS */;
UNLOCK TABLES;

--
-- Table structure for table `django_migrations`
--

DROP TABLE IF EXISTS `django_migrations`;
/*!40101 SET @saved_cs_client     = @@character_set_client */;
/*!40101 SET character_set_client = utf8 */;
CREATE TABLE `django_migrations` (
  `id` int(11) NOT NULL AUTO_INCREMENT,
  `app` varchar(255) NOT NULL,
  `name` varchar(255) NOT NULL,
  `applied` datetime(6) NOT NULL,
  PRIMARY KEY (`id`)
) ENGINE=InnoDB AUTO_INCREMENT=25 DEFAULT CHARSET=utf8;
/*!40101 SET character_set_client = @saved_cs_client */;

--
-- Dumping data for table `django_migrations`
--

LOCK TABLES `django_migrations` WRITE;
/*!40000 ALTER TABLE `django_migrations` DISABLE KEYS */;
INSERT INTO `django_migrations` VALUES (1,'contenttypes','0001_initial','2020-03-30 17:18:57.898825'),(2,'auth','0001_initial','2020-03-30 17:18:58.607875'),(3,'admin','0001_initial','2020-03-30 17:18:59.221217'),(4,'admin','0002_logentry_remove_auto_add','2020-03-30 17:18:59.328664'),(5,'admin','0003_logentry_add_action_flag_choices','2020-03-30 17:18:59.341224'),(6,'contenttypes','0002_remove_content_type_name','2020-03-30 17:18:59.442584'),(7,'auth','0002_alter_permission_name_max_length','2020-03-30 17:18:59.493462'),(8,'auth','0003_alter_user_email_max_length','2020-03-30 17:18:59.547108'),(9,'auth','0004_alter_user_username_opts','2020-03-30 17:18:59.563104'),(10,'auth','0005_alter_user_last_login_null','2020-03-30 17:18:59.613866'),(11,'auth','0006_require_contenttypes_0002','2020-03-30 17:18:59.620046'),(12,'auth','0007_alter_validators_add_error_messages','2020-03-30 17:18:59.638233'),(13,'auth','0008_alter_user_username_max_length','2020-03-30 17:18:59.695164'),(14,'auth','0009_alter_user_last_name_max_length','2020-03-30 17:18:59.754366'),(15,'auth','0010_alter_group_name_max_length','2020-03-30 17:18:59.813477'),(16,'auth','0011_update_proxy_permissions','2020-03-30 17:18:59.828647'),(17,'sessions','0001_initial','2020-03-30 17:18:59.920858'),(18,'website','0001_initial','2020-03-30 17:19:00.468492'),(19,'website','0002_auto_20200328_1505','2020-03-30 17:19:01.004264'),(20,'website','0003_auto_20200328_1513','2020-03-30 17:19:01.137152'),(21,'website','0004_auto_20200328_1554','2020-03-30 17:19:01.247934'),(22,'website','0005_auto_20200328_1559','2020-03-30 17:19:01.424511'),(23,'website','0006_afile','2020-03-30 17:19:01.718076'),(24,'website','0007_auto_20200330_2158','2020-03-30 17:19:04.047489');
/*!40000 ALTER TABLE `django_migrations` ENABLE KEYS */;
UNLOCK TABLES;

--
-- Table structure for table `django_session`
--

DROP TABLE IF EXISTS `django_session`;
/*!40101 SET @saved_cs_client     = @@character_set_client */;
/*!40101 SET character_set_client = utf8 */;
CREATE TABLE `django_session` (
  `session_key` varchar(40) NOT NULL,
  `session_data` longtext NOT NULL,
  `expire_date` datetime(6) NOT NULL,
  PRIMARY KEY (`session_key`),
  KEY `django_session_expire_date_a5c62663` (`expire_date`)
) ENGINE=InnoDB DEFAULT CHARSET=utf8;
/*!40101 SET character_set_client = @saved_cs_client */;

--
-- Dumping data for table `django_session`
--

LOCK TABLES `django_session` WRITE;
/*!40000 ALTER TABLE `django_session` DISABLE KEYS */;
INSERT INTO `django_session` VALUES ('ark2envueesyl19k3uun78u60sra4zt3','MTNiZjRhNmU3NDFiYmZhYzI2ZGUwM2Q3MmRhMmUwMzRkYjdiZGZkMTp7Il9hdXRoX3VzZXJfaWQiOiIxIiwiX2F1dGhfdXNlcl9iYWNrZW5kIjoiZGphbmdvLmNvbnRyaWIuYXV0aC5iYWNrZW5kcy5Nb2RlbEJhY2tlbmQiLCJfYXV0aF91c2VyX2hhc2giOiJmN2Y0OWIyMzEyNWZhZjUyZGVkY2IxZDQzY2UzNTdkNjIwZWJlNDhlIn0=','2020-04-15 13:36:03.037419'),('xczlfr8uvefh1eh6jb8wayuwud8jbne2','NzMzYmUyM2U0Y2UyZjU3NDdhYjc3NTgwNmVjOTMwNDA1MmZmOTZjZjp7Il9hdXRoX3VzZXJfaWQiOiIxIiwiX2F1dGhfdXNlcl9iYWNrZW5kIjoiZGphbmdvLmNvbnRyaWIuYXV0aC5iYWNrZW5kcy5Nb2RlbEJhY2tlbmQiLCJfYXV0aF91c2VyX2hhc2giOiJkMzA1OGU4NmQ2YWE0ODVlMTQ4ZWJhMDQyNTUzZDlhNjcxYWE3NGJiIn0=','2020-04-11 07:11:19.482000');
/*!40000 ALTER TABLE `django_session` ENABLE KEYS */;
UNLOCK TABLES;

--
-- Table structure for table `website_afile`
--

DROP TABLE IF EXISTS `website_afile`;
/*!40101 SET @saved_cs_client     = @@character_set_client */;
/*!40101 SET character_set_client = utf8 */;
CREATE TABLE `website_afile` (
  `id` int(11) NOT NULL AUTO_INCREMENT,
  `region` varchar(10) NOT NULL,
  `content` varchar(10) NOT NULL,
  `file` varchar(100) NOT NULL,
  PRIMARY KEY (`id`)
) ENGINE=InnoDB AUTO_INCREMENT=176 DEFAULT CHARSET=utf8;
/*!40101 SET character_set_client = @saved_cs_client */;

--
-- Dumping data for table `website_afile`
--

LOCK TABLES `website_afile` WRITE;
/*!40000 ALTER TABLE `website_afile` DISABLE KEYS */;
INSERT INTO `website_afile` VALUES (32,'world','stats','datasets_World_28-Mar-2020_2114.csv'),(33,'world','stats','datasets_World_28-Mar-2020_2114_JeDNYUX.csv'),(34,'world','stats','datasets_World_28-Mar-2020_2114_bYlWx0C.csv'),(35,'world','stats','datasets_World_28-Mar-2020_2114_CIBNybG.csv'),(36,'world','color','color_codes_World_28-Mar-2020_2114.csv'),(37,'india','stats','datasets_India_28-Mar-2020_2116.csv'),(38,'india','color','color_codes_India_28-Mar-2020_2116.csv'),(39,'world','stats','datasets_World_28-Mar-2020_2114_pXo8tn2.csv'),(40,'world','color','color_codes_World_28-Mar-2020_2114_HBeuEsj.csv'),(41,'india','stats','datasets_India_28-Mar-2020_2116_DvQmQ9s.csv'),(42,'india','color','color_codes_India_28-Mar-2020_2116_yGgADUJ.csv'),(43,'world','stats','datasets_World_28-Mar-2020_2114_oOzugHP.csv'),(44,'world','color','color_codes_World_28-Mar-2020_2114_mGqReOv.csv'),(45,'india','stats','datasets_India_28-Mar-2020_2116_DeUG5q0.csv'),(46,'india','color','color_codes_India_28-Mar-2020_2116_4jZEjQ5.csv'),(47,'world','stats','datasets_World_latest_3mY3Wrn.csv'),(48,'world','color','color_codes_World_latest_4c3RVl4.csv'),(49,'india','stats','datasets_India_latest_NGHOKlU.csv'),(50,'india','color','color_codes_India_latest_t1trht5.csv'),(51,'world','stats','datasets_World_latest_2IKjn16.csv'),(52,'world','color','color_codes_World_latest_Rwc6dmg.csv'),(53,'india','stats','datasets_India_latest_NzWTFKT.csv'),(54,'india','color','color_codes_India_latest_kBkH3YE.csv'),(55,'world','stats','datasets_World_28-Mar-2020_2114_wwaDvX0.csv'),(56,'world','color','color_codes_World_28-Mar-2020_2114_dZ8hb4C.csv'),(57,'india','stats','datasets_India_28-Mar-2020_2116_umKOBRS.csv'),(58,'india','color','color_codes_India_28-Mar-2020_2116_ztNhhI9.csv'),(59,'world','stats','datasets_World_latest_xT3FIUp.csv'),(60,'world','color','color_codes_World_latest_JjZeC6d.csv'),(61,'india','stats','datasets_India_latest_2xCnp45.csv'),(62,'india','color','color_codes_India_latest_mjSoDO1.csv'),(63,'world','stats','datasets_World_28-Mar-2020_2114_FXK6Szz.csv'),(64,'world','stats','datasets_World_28-Mar-2020_2114_GdNULym.csv'),(65,'world','stats','datasets_World_28-Mar-2020_2114_8iordPM.csv'),(66,'world','color','color_codes_World_28-Mar-2020_2114_kkWxDAB.csv'),(67,'india','stats','datasets_India_28-Mar-2020_2116_pw0ao97.csv'),(68,'india','color','color_codes_India_28-Mar-2020_2116_RXwxflF.csv'),(69,'world','stats','datasets_World_latest_TxmsTyB.csv'),(70,'world','color','color_codes_World_latest_xVwpfuo.csv'),(71,'india','stats','datasets_India_latest_twSXyPn.csv'),(72,'india','color','color_codes_India_latest_6edouUM.csv'),(73,'world','stats','datasets_World_latest_E0lKhby.csv'),(74,'world','color','color_codes_World_latest_ialCawU.csv'),(75,'india','stats','datasets_India_latest_T05drtk.csv'),(76,'india','color','color_codes_India_latest_vtidGB5.csv'),(77,'world','stats','datasets_World_latest_gfpWiPN.csv'),(78,'world','color','color_codes_World_latest_313sdEo.csv'),(79,'india','stats','datasets_India_latest_dloHOeO.csv'),(80,'india','color','color_codes_India_latest_zn7XqMH.csv'),(81,'world','stats','datasets_World_latest_55lMchK.csv'),(82,'world','color','color_codes_World_latest_z7YlWRo.csv'),(83,'india','stats','datasets_India_latest_yJ5e7Kc.csv'),(84,'india','color','color_codes_India_latest_YTGJx1O.csv'),(85,'world','stats','datasets_World_latest_F8yqu65.csv'),(86,'world','color','color_codes_World_latest_fIUbr5d.csv'),(87,'india','stats','datasets_India_latest_RM6E8kU.csv'),(88,'india','color','color_codes_India_latest_sqvLsyd.csv'),(89,'world','stats','datasets_World_latest_nWfKAnA.csv'),(90,'world','color','color_codes_World_latest_QCGUssd.csv'),(91,'india','stats','datasets_India_latest_Ca7hO75.csv'),(92,'india','color','color_codes_India_latest_VMDH2ud.csv'),(93,'world','stats','datasets_World_latest_xddye4G.csv'),(94,'world','color','color_codes_World_latest_ZSiqRFi.csv'),(95,'india','stats','datasets_India_latest_vfv8ovl.csv'),(96,'india','color','color_codes_India_latest_9DPrLQl.csv'),(97,'world','stats','datasets_World_latest_Yt02LJE.csv'),(98,'world','color','color_codes_World_latest_18MKIvK.csv'),(99,'india','stats','datasets_India_latest_Yhvfct2.csv'),(100,'india','color','color_codes_India_latest_Pi9B3s8.csv'),(101,'world','stats','datasets_World_latest_WPItQJq.csv'),(102,'world','color','color_codes_World_latest_Uj4Qcyz.csv'),(103,'india','stats','datasets_India_latest_pxqtSfp.csv'),(104,'india','color','color_codes_India_latest_srGlcgv.csv'),(105,'world','stats','datasets_World_latest_yakaK15.csv'),(106,'world','color','color_codes_World_latest_eYvWt8R.csv'),(107,'india','stats','datasets_India_latest_8Sp8Yev.csv'),(108,'india','color','color_codes_India_latest_RtlyYnn.csv'),(109,'world','stats','datasets_World_latest_by6zNCC.csv'),(110,'world','color','color_codes_World_latest_wSOEOq5.csv'),(111,'india','stats','datasets_India_latest_LVSobyB.csv'),(112,'india','color','color_codes_India_latest_UTHlWfp.csv'),(113,'world','stats','datasets_World_latest_YhDsBj7.csv'),(114,'world','color','color_codes_World_latest_y6iLGro.csv'),(115,'india','stats','datasets_India_latest_9BWiG4c.csv'),(116,'india','color','color_codes_India_latest_f3BC87K.csv'),(117,'world','stats','datasets_World_latest_rBIMFZU.csv'),(118,'world','color','color_codes_World_latest_rqqG9kU.csv'),(119,'india','stats','datasets_India_latest_XOmKE8G.csv'),(120,'india','color','color_codes_India_latest_neoWMVZ.csv'),(121,'world','stats','datasets_World_latest_xgVAaBu.csv'),(122,'world','color','color_codes_World_latest_gtn58aL.csv'),(123,'india','stats','datasets_India_latest_HJ2Bnyq.csv'),(124,'india','color','color_codes_India_latest_G5nWNox.csv'),(125,'world','stats','datasets_World_latest_Vc42cT8.csv'),(126,'world','color','color_codes_World_latest_Ct9BHUq.csv'),(127,'india','stats','datasets_India_latest_e4uECxG.csv'),(128,'india','color','color_codes_India_latest_Oj9pbxW.csv'),(129,'world','stats','datasets_World_latest_3Fx0bgj.csv'),(130,'world','color','color_codes_World_latest_MOuUCCz.csv'),(131,'india','stats','datasets_India_latest_eAxA7d4.csv'),(132,'india','color','color_codes_India_latest_ACbBWws.csv'),(133,'world','stats','datasets_World_latest_qrHnnrd.csv'),(134,'world','color','color_codes_World_latest_KP0yy0I.csv'),(135,'india','stats','datasets_India_latest_RJUXApT.csv'),(136,'india','color','color_codes_India_latest_KXA1nhT.csv'),(137,'world','stats','datasets_World_latest_iSXZblJ.csv'),(138,'world','color','color_codes_World_latest_aj09dYr.csv'),(139,'india','stats','datasets_India_latest_vEzRzY5.csv'),(140,'india','color','color_codes_India_latest_mgMTLM0.csv'),(141,'world','stats','datasets_World_latest_F9HmT5O.csv'),(142,'world','color','color_codes_World_latest_FzNog4M.csv'),(143,'india','stats','datasets_India_latest_xRqofuT.csv'),(144,'india','color','color_codes_India_latest_c4h7kKP.csv'),(145,'world','stats','datasets_World_latest_3kD41Ly.csv'),(146,'world','stats','datasets_World_latest_vfGL5Un.csv'),(147,'world','stats','datasets_World_latest_3aG8xt4.csv'),(148,'world','stats','datasets_World_latest_v9nFMM4.csv'),(149,'world','color','color_codes_World_latest_ctDWxRF.csv'),(150,'india','stats','datasets_India_latest_xjvDVPi.csv'),(151,'india','color','color_codes_India_latest_90Eb25e.csv'),(152,'world','stats','datasets_World_latest_80sxmwV.csv'),(153,'world','color','color_codes_World_latest_CQDdlmd.csv'),(154,'india','stats','datasets_India_latest_xUYswiC.csv'),(155,'india','color','color_codes_India_latest_A8l982C.csv'),(156,'world','stats','datasets_World_latest_113rSDm.csv'),(157,'world','stats','datasets_World_latest_PsbVr1N.csv'),(158,'world','stats','datasets_World_latest_DnTDsxR.csv'),(159,'world','stats','datasets_World_latest_CgyQ1P6.csv'),(160,'world','color','color_codes_World_latest_wX9oe0z.csv'),(161,'world','stats','datasets_World_latest_1uiL75h.csv'),(162,'india','stats','datasets_India_latest_qnUN4zw.csv'),(163,'india','color','color_codes_India_latest_I8ZEzzL.csv'),(164,'world','color','color_codes_World_latest_RD0aoij.csv'),(165,'world','stats','datasets_World_latest_fKtPj5w.csv'),(166,'india','stats','datasets_India_latest_NeVzv5U.csv'),(167,'india','color','color_codes_India_latest_9vLd0z0.csv'),(168,'world','color','color_codes_World_latest_YXMrmo3.csv'),(169,'world','stats','datasets_World_latest_HPIfIkH.csv'),(170,'india','stats','datasets_India_latest_v0OxSz8.csv'),(171,'india','color','color_codes_India_latest_VSouPoh.csv'),(172,'world','color','color_codes_World_latest_LTz2NAj.csv'),(173,'world','stats','datasets_World_latest_R8QoJIx.csv'),(174,'india','stats','datasets_India_latest_Km4bJih.csv'),(175,'india','color','color_codes_India_latest_Hqjpppe.csv');
/*!40000 ALTER TABLE `website_afile` ENABLE KEYS */;
UNLOCK TABLES;

--
-- Table structure for table `website_country`
--

DROP TABLE IF EXISTS `website_country`;
/*!40101 SET @saved_cs_client     = @@character_set_client */;
/*!40101 SET character_set_client = utf8 */;
CREATE TABLE `website_country` (
  `id` int(11) NOT NULL AUTO_INCREMENT,
  `name` varchar(200) NOT NULL,
  `code` varchar(10) DEFAULT NULL,
  `population` int(11) NOT NULL,
  `infected` int(11) NOT NULL,
  `dead` int(11) NOT NULL,
  `cured` int(11) NOT NULL,
  `dead_color` varchar(7) DEFAULT NULL,
  `infected_color` varchar(7) DEFAULT NULL,
  `cases_per_million` double NOT NULL,
  `critical` int(11) NOT NULL,
  `dead_per_million` double NOT NULL,
  `new_dead` int(11) NOT NULL,
  `new_infected` int(11) NOT NULL,
  `total_cases` int(11) NOT NULL,
  `first_case_date` varchar(50) DEFAULT NULL,
  `percentage_increase` double DEFAULT NULL,
  PRIMARY KEY (`id`)
) ENGINE=InnoDB AUTO_INCREMENT=250 DEFAULT CHARSET=utf8;
/*!40101 SET character_set_client = @saved_cs_client */;

--
-- Dumping data for table `website_country`
--

LOCK TABLES `website_country` WRITE;
/*!40000 ALTER TABLE `website_country` DISABLE KEYS */;
INSERT INTO `website_country` VALUES (3,'Lebanon','LB',0,467,19,55,'#001aff','#001aff',79,27,3,1,14,541,'Feb 20',2.59),(4,'Senegal','SN',0,132,2,92,'#0019ff','#0019ff',13,1,0.1,0,4,226,'Mar 01',1.77),(5,'Zambia','ZM',0,35,1,3,'#0019ff','#0019ff',2,0,0.05,0,0,39,'Mar 17',0),(6,'Antigua and Barbuda','AG',0,15,0,0,'#0019ff','#0019ff',153,1,0,0,0,15,'Mar 12',0),(7,'Mauritania','MR',0,3,1,2,'#0019ff','#0019ff',1,0,0.2,0,0,6,'Mar 12',0),(8,'Gibraltar','GI',0,51,0,52,'#0019ff','#0019ff',3057,0,0,0,0,103,'Mar 02',0),(9,'Namibia','NA',0,13,0,3,'#0019ff','#0019ff',6,0,0,0,0,16,'Mar 13',0),(10,'Lithuania','LT',0,821,14,8,'#0019ff','#001aff',310,11,5,1,32,843,'Feb 27',3.8),(11,'Brazil','BR',0,10682,489,127,'#0029cf','#002ac8',53,296,2,3,44,11298,'Feb 24',0.39),(12,'Jordan','JO',0,230,5,110,'#0019ff','#001aff',34,5,0.5,0,0,345,'Mar 01',0),(13,'Eritrea','ER',0,29,0,0,'#0019ff','#0019ff',8,0,0,0,0,29,'Mar 20',0),(14,'Andorra','AD',0,457,18,26,'#001aff','#001aff',6484,12,233,0,0,501,'Mar 01',0),(15,'St. Vincent Grenadines','VC',0,6,0,1,'#0019ff','#0019ff',63,0,0,0,0,7,'Mar 10',0),(16,'Sint Maarten','SX',0,30,6,1,'#0019ff','#0019ff',863,0,140,2,12,37,'Mar 17',32.43),(17,'Timor-Leste','TL',0,1,0,0,'#0019ff','#0019ff',0.8,0,0,0,0,1,'Mar 20',0),(18,'Latvia','LV',0,525,1,16,'#0019ff','#001aff',287,5,0.5,0,9,542,'Mar 01',1.66),(19,'Iceland','IS',0,1098,4,460,'#0019ff','#001bff',4577,12,12,0,76,1562,'Feb 27',4.87),(20,'Macao','MO',0,34,0,10,'#0019ff','#0019ff',68,0,0,0,0,44,'Jan 21',0),(21,'Somalia','SO',0,6,0,1,'#0019ff','#0019ff',0.4,0,0,0,0,7,'Mar 15',0),(22,'Ghana','GH',0,178,5,31,'#0019ff','#0019ff',7,2,0.2,0,0,214,'Mar 11',0),(23,'Austria','AT',0,8523,220,3463,'#0020f6','#002bc2',1355,250,24,16,155,12206,'Feb 24',1.27),(24,'Réunion','RE',0,304,0,40,'#0019ff','#001aff',384,4,0,0,0,344,'Mar 10',0),(25,'Guadeloupe','GP',0,97,7,31,'#0019ff','#0019ff',337,14,17,0,0,135,'Mar 12',0),(26,'Venezuela','VE',0,100,7,52,'#0019ff','#0019ff',6,6,0.2,0,0,159,'Mar 12',0),(27,'Belarus','BY',0,634,13,53,'#0019ff','#001aff',74,11,1,5,138,700,'Feb 27',19.71),(28,'Serbia','RS',0,2088,58,54,'#001bff','#001cff',252,101,7,7,292,2200,'Mar 05',13.27),(29,'Ukraine','UA',0,1253,38,28,'#001aff','#001bff',30,16,0.9,1,11,1319,'Mar 02',0.83),(30,'Greece','GR',0,1581,76,78,'#001bff','#001cff',166,93,7,3,0,1735,'Feb 25',0),(31,'Afghanistan','AF',0,343,7,17,'#0019ff','#001aff',9,0,0.2,0,18,367,'Feb 23',4.9),(32,'Bahrain','BH',0,268,4,451,'#0019ff','#001aff',425,4,2,0,23,723,'Feb 23',3.18),(33,'Honduras','HN',0,270,22,6,'#001aff','#0019ff',30,10,2,0,30,298,'Mar 10',10.07),(34,'Paraguay','PY',0,96,5,12,'#0019ff','#0019ff',16,8,0.7,2,9,113,'Mar 06',7.96),(35,'Sweden','SE',0,6524,477,205,'#0028d1','#0024e4',714,590,47,76,376,7206,'Jan 30',5.22),(36,'Liechtenstein','LI',0,76,1,0,'#0019ff','#0019ff',2020,0,26,0,0,77,'Mar 02',0),(37,'Mozambique','MZ',0,9,0,1,'#0019ff','#0019ff',0.3,0,0,0,0,10,'Mar 21',0),(38,'Montserrat','MS',0,6,0,0,'#0019ff','#0019ff',1202,0,0,0,0,6,'Mar 17',0),(39,'Armenia','AM',0,763,8,62,'#0019ff','#001aff',281,30,3,1,11,833,'Feb 29',1.32),(40,'Cayman Islands','KY',0,37,1,1,'#0019ff','#0019ff',593,0,15,0,0,39,'Mar 12',0),(41,'Switzerland','CH',0,13620,734,7298,'#0031ab','#003a82',2502,391,85,19,552,21652,'Feb 24',2.55),(42,'Singapore','SG',0,983,6,320,'#0019ff','#001bff',224,25,1,0,0,1309,'Jan 22',0),(43,'Grenada','GD',0,12,0,0,'#0019ff','#0019ff',107,2,0,0,0,12,'Mar 21',0),(44,'S. Korea','KR',0,3500,186,6598,'#001ffb','#0029cf',201,55,4,3,47,10284,'Jan 19',0.46),(45,'Papua New Guinea','PG',0,2,0,0,'#0019ff','#0019ff',0.2,0,0,0,1,2,'Mar 19',50),(46,'Brunei','BN',0,52,1,82,'#0019ff','#0019ff',309,3,2,0,0,135,'Mar 08',0),(47,'Kyrgyzstan','KG',0,179,4,33,'#0019ff','#0019ff',33,5,0.6,3,69,216,'Mar 17',31.94),(48,'Colombia','CO',0,1362,35,88,'#001aff','#001bff',29,50,0.7,0,0,1485,'Mar 05',0),(49,'Bolivia','BO',0,170,11,2,'#0019ff','#0019ff',16,3,0.9,1,26,183,'Mar 09',14.21),(50,'Hungary','HU',0,639,38,67,'#001aff','#001aff',77,17,4,4,11,744,'Mar 03',1.48),(51,'Angola','AO',0,10,2,2,'#0019ff','#0019ff',0.4,0,0.06,0,0,14,'Mar 19',0),(52,'Costa Rica','CR',0,436,2,16,'#0019ff','#001aff',89,14,0.4,0,0,454,'Mar 04',0),(53,'Isle of Man','IM',0,137,1,0,'#0019ff','#0019ff',1623,0,12,0,11,138,'Mar 18',7.97),(54,'Belgium','BE',0,15196,1632,3986,'#004d2a','#003988',1796,1257,141,185,1123,20814,'Feb 03',5.4),(55,'Algeria','DZ',0,1078,152,90,'#001eff','#001bff',30,46,3,0,0,1320,'Feb 24',0),(56,'Palestine','PS',0,226,1,25,'#0019ff','#0019ff',49,0,0.2,0,15,252,'Mar 04',5.95),(57,'Albania','AL',0,240,21,116,'#001aff','#001aff',131,7,7,1,16,377,'Mar 07',4.24),(58,'Cuba','CU',0,297,8,15,'#0019ff','#0019ff',28,11,0.7,0,0,320,'Mar 10',0),(59,'Mexico','MX',0,1416,94,633,'#001cff','#001cff',17,293,0.7,15,253,2143,'Feb 27',11.81),(60,'Liberia','LR',0,7,3,3,'#0019ff','#0019ff',3,0,0.6,0,0,13,'Mar 15',0),(61,'St. Barth','BL',0,5,0,1,'#0019ff','#0019ff',607,0,0,0,0,6,'Feb 29',0),(62,'Denmark','DK',0,3082,187,1378,'#001ffa','#0020f6',802,144,32,8,278,4647,'Feb 26',5.98),(63,'French Polynesia','PF',0,41,0,0,'#0019ff','#0019ff',146,0,0,0,0,41,'Mar 10',0),(64,'Czechia','CZ',0,4423,72,96,'#001bff','#0020f6',429,84,7,5,4,4591,'Feb 29',0.09),(66,'Germany','DE',0,69941,1591,28700,'#004c30','#25b100',1196,3936,19,7,109,100232,'Jan 26',0.11),(67,'Cabo Verde','CV',0,5,1,1,'#0019ff','#0019ff',13,0,2,0,0,7,'Mar 19',0),(68,'Taiwan','TW',0,311,5,57,'#0019ff','#001aff',16,0,0.2,0,10,373,'Jan 20',2.68),(69,'Netherlands','NL',0,16686,1867,250,'#005508','#003595',1097,1385,109,101,952,18803,'Feb 26',5.06),(70,'Ireland','IE',0,4811,158,25,'#001eff','#0021f3',1011,165,32,0,0,4994,'Feb 28',0),(71,'South Africa','ZA',0,1549,11,95,'#0019ff','#001cff',28,7,0.2,0,0,1655,'Mar 04',0),(72,'USA','US',0,309305,9624,17977,'#8ae200','#ff1900',1018,8702,29,8,233,336906,'Jan 20',0.07),(73,'Azerbaijan','AZ',0,590,7,44,'#0019ff','#001aff',63,11,0.7,0,57,641,'Feb 27',8.89),(74,'Thailand','TH',0,1401,26,793,'#001aff','#001cff',32,23,0.4,3,51,2220,'Jan 12',2.3),(75,'Iraq','IQ',0,621,61,279,'#001bff','#001aff',24,0,2,0,0,961,'Feb 21',0),(76,'Mongolia','MN',0,13,0,2,'#0019ff','#0019ff',5,0,0,0,1,15,'Mar 09',6.67),(77,'Saint Lucia','LC',0,13,0,1,'#0019ff','#0019ff',76,0,0,0,0,14,'Mar 12',0),(78,'San Marino','SM',0,199,32,35,'#001aff','#0019ff',7839,14,943,0,0,266,'Feb 26',0),(79,'Turks and Caicos','TC',0,4,1,0,'#0019ff','#0019ff',129,0,26,0,0,5,'Mar 22',0),(80,'China','CN',0,1299,3331,77078,'#088400','#139500',57,265,2,2,39,81708,'Jan 10',0.05),(81,'Sudan','SD',0,8,2,2,'#0019ff','#0019ff',0.3,0,0.05,0,0,12,'Mar 12',0),(82,'Saudi Arabia','SA',0,1934,38,551,'#001aff','#001dff',72,41,1,4,121,2523,'Mar 01',4.8),(83,'Eswatini','SZ',0,9,0,0,'#0019ff','#0019ff',8,0,0,0,0,9,'Mar 13',0),(84,'Iran','IR',0,32525,3739,24236,'#109100','#007500',720,4083,45,136,2274,60500,'Feb 18',3.76),(85,'Greenland','GL',0,8,0,3,'#0019ff','#0019ff',194,0,0,0,0,11,'Mar 15',0),(86,'Syria','SY',0,15,2,2,'#0019ff','#0019ff',1,0,0.1,0,0,19,'Mar 21',0),(87,'India','IN',0,4107,118,328,'#001dff','#0020f6',3,0,0.09,0,264,4553,'Jan 29',5.8),(88,'Barbados','BB',0,49,1,6,'#0019ff','#0019ff',195,4,3,0,0,56,'Mar 16',0),(89,'Spain','ES',0,81540,13055,40437,'#d17400','#47e500',2888,6931,279,414,3386,135032,'Jan 30',2.51),(90,'Saint Kitts and Nevis','KN',0,10,0,0,'#0019ff','#0019ff',188,0,0,0,0,10,'Mar 24',0),(91,'Vatican City','VA',0,7,0,0,'#0019ff','#0019ff',8739,0,0,0,0,7,'Mar 05',0),(92,'Nepal','NP',0,8,0,1,'#0019ff','#0019ff',0.3,0,0,0,0,9,'Jan 23',0),(93,'Finland','FI',0,1849,27,300,'#001aff','#001cff',393,81,5,-1,249,2176,'Jan 28',11.44),(94,'Bhutan','BT',0,3,0,2,'#0019ff','#0019ff',6,0,0,0,0,5,'Mar 05',0),(95,'Maldives','MV',0,6,0,13,'#0019ff','#0019ff',35,0,0,0,0,19,'Mar 06',0),(96,'Oman','OM',0,268,2,61,'#0019ff','#0019ff',65,3,0.4,0,33,331,'Feb 23',9.97),(97,'UK','GB',0,42737,4934,135,'#29b700','#006100',704,1559,73,0,0,47806,'Jan 30',0),(98,'Cambodia','KH',0,61,0,53,'#0019ff','#0019ff',7,1,0,0,0,114,'Jan 26',0),(99,'Kenya','KE',0,148,6,4,'#0019ff','#0019ff',3,2,0.1,2,16,158,'Mar 12',10.13),(100,'Libya','LY',0,17,1,0,'#0019ff','#0019ff',3,0,0.1,0,0,18,'Mar 23',0),(101,'Mauritius','MU',0,213,7,7,'#0019ff','#0019ff',178,1,6,0,0,227,'Mar 17',0),(102,'Curaçao','CW',0,5,1,5,'#0019ff','#0019ff',67,0,6,0,0,11,'Mar 12',0),(103,'Montenegro','ME',0,220,2,1,'#0019ff','#0019ff',355,4,3,0,9,223,'Mar 16',4.04),(104,'Ethiopia','ET',0,38,2,4,'#0019ff','#0019ff',0.4,1,0.02,0,1,44,'Mar 12',2.27),(105,'Panama','PA',0,1921,54,13,'#001bff','#001cff',461,78,13,8,187,1988,'Mar 09',9.41),(106,'DRC',NULL,0,133,18,3,'#001aff','#0019ff',2,0,0.2,0,0,154,'Mar 09',0),(107,'Guyana','GY',0,25,4,0,'#0019ff','#0019ff',37,0,5,0,5,29,'Mar 11',17.24),(108,'Anguilla','AI',0,3,0,0,'#0019ff','#0019ff',200,0,0,0,0,3,'Mar 25',0),(109,'Chad','TD',0,9,0,0,'#0019ff','#0019ff',0.5,0,0,0,0,9,'Mar 18',0),(110,'Djibouti','DJ',0,50,0,9,'#0019ff','#0019ff',60,0,0,0,0,59,'Mar 17',0),(111,'Chile','CL',0,3819,34,618,'#001aff','#0020f7',234,307,2,0,0,4471,'Mar 02',0),(112,'France','FR',0,68578,8078,16183,'#6aff00','#1ea600',1422,6838,124,0,0,92839,'Jan 23',0),(113,'Kazakhstan','KZ',0,578,6,45,'#0019ff','#001aff',33,16,0.3,0,45,629,'Mar 12',7.15),(114,'Malaysia','MY',0,2490,62,1241,'#001bff','#001ffc',117,102,2,1,131,3793,'Jan 24',3.45),(115,'Norway','NO',0,5655,73,32,'#001bff','#0022ee',1062,83,13,2,73,5760,'Feb 25',1.27),(116,'Poland','PL',0,3941,98,162,'#001cff','#001ff9',111,50,3,4,99,4201,'Mar 03',2.36),(117,'Moldova','MD',0,810,17,37,'#001aff','#001aff',214,80,4,2,0,864,'Mar 06',0),(118,'Cameroon','CM',0,632,9,17,'#0019ff','#001aff',25,0,0.3,0,8,658,'Mar 05',1.22),(119,'Saint Martin','MF',0,23,2,7,'#0019ff','#0019ff',828,6,52,0,0,32,'Feb 29',0),(120,'Tunisia','TN',0,547,22,5,'#001aff','#001aff',49,39,2,0,0,574,'Mar 01',0),(121,'Aruba','AW',0,63,0,1,'#0019ff','#0019ff',599,0,0,0,0,64,'Mar 12',0),(123,'Israel','IL',0,7971,55,585,'#001bff','#0026db',995,141,6,6,181,8611,'Feb 20',2.1),(124,'French Guiana','GF',0,41,0,27,'#0019ff','#0019ff',228,1,0,0,0,68,'Mar 06',0),(125,'Gambia','GM',0,1,1,2,'#0019ff','#0019ff',2,0,0.4,0,0,4,'Mar 16',0),(126,'Hong Kong','HK',0,695,4,216,'#0019ff','#001aff',122,12,0.5,0,24,915,'Jan 22',2.62),(127,'Morocco','MA',0,966,71,76,'#001bff','#001bff',30,1,2,1,92,1113,'Mar 01',8.27),(128,'Italy','IT',0,91246,15887,21815,'#ff1900','#41dc00',2133,3977,263,0,0,128948,'Jan 29',0),(129,'CAR','CF',0,8,0,0,'#0019ff','#0019ff',2,0,0,0,0,8,'Mar 14',0),(130,'Guinea-Bissau','GW',0,18,0,0,'#0019ff','#0019ff',9,0,0,0,0,18,'Mar 24',0),(131,'Kuwait','KW',0,561,1,103,'#0019ff','#001aff',156,20,0.2,0,109,665,'Feb 23',16.39),(132,'New Caledonia','NC',0,17,0,1,'#0019ff','#0019ff',63,0,0,0,0,18,'Mar 17',0),(133,'Slovenia','SI',0,889,30,102,'#001aff','#001bff',491,30,14,2,24,1021,'Mar 03',2.35),(134,'Belize','BZ',0,4,1,0,'#0019ff','#0019ff',13,1,3,1,0,5,'Mar 22',0),(135,'New Zealand','NZ',0,929,1,176,'#0019ff','#001bff',229,3,0.2,0,67,1106,'Feb 27',6.06),(136,'Tanzania','TZ',0,18,1,3,'#0019ff','#0019ff',0.4,0,0.02,0,0,22,'Mar 15',0),(137,'Croatia','HR',0,1076,16,130,'#001aff','#001bff',298,36,4,1,40,1222,'Feb 24',3.27),(138,'Cyprus','CY',0,400,9,37,'#0019ff','#001aff',369,11,7,0,0,446,'Mar 08',0),(139,'Equatorial Guinea','GQ',0,15,0,1,'#0019ff','#0019ff',11,0,0,0,0,16,'Mar 13',0),(140,'Faeroe Islands','FO',0,76,0,107,'#0019ff','#0019ff',3745,1,0,0,2,183,'Mar 03',1.09),(141,'Guatemala','GT',0,52,3,15,'#0019ff','#0019ff',4,3,0.2,0,0,70,'Mar 12',0),(142,'Fiji','FJ',0,14,0,0,'#0019ff','#0019ff',16,0,0,0,2,14,'Mar 18',14.29),(143,'Canada','CA',0,12290,280,2942,'#0022ed','#0030ac',411,426,7,0,0,15512,'Jan 24',0),(144,'Indonesia','ID',0,2090,209,192,'#0020f7','#001dff',9,0,0.8,11,218,2491,'Mar 01',8.75),(145,'UAE','AE',0,1898,11,167,'#0019ff','#001cff',210,1,1,1,277,2076,'Jan 28',13.34),(146,'Australia','AU',0,3322,41,2432,'#001aff','#0022ee',227,96,2,4,45,5795,'Jan 24',0.78),(147,'Madagascar','MG',0,70,0,2,'#0019ff','#0019ff',3,6,0,0,0,72,'Mar 19',0),(148,'Sri Lanka','LK',0,135,5,38,'#0019ff','#0019ff',8,5,0.2,0,2,178,'Jan 26',1.12),(149,'Ivory Coast','CI',0,221,3,37,'#0019ff','#0019ff',10,0,0.1,0,0,261,'Mar 10',0),(150,'Vietnam','VN',0,150,0,95,'#0019ff','#0019ff',3,8,0,0,4,245,'Jan 22',1.63),(151,'Uruguay','UY',0,296,6,104,'#0019ff','#001aff',117,14,2,0,0,406,'Mar 12',0),(152,'Togo','TG',0,27,3,22,'#0019ff','#0019ff',6,0,0.4,0,8,52,'Mar 05',15.38),(153,'Myanmar','MM',0,20,1,0,'#0019ff','#0019ff',0.4,0,0.02,0,0,21,'Mar 22',0),(154,'Luxembourg','LU',0,2268,36,500,'#001aff','#001dff',4479,33,58,0,0,2804,'Feb 28',0),(155,'Estonia','EE',0,1027,19,62,'#001aff','#001bff',835,14,14,4,11,1108,'Feb 26',0.99),(156,'Turkey','TR',0,25453,574,1042,'#002bc3','#00425d',321,1381,7,0,0,27069,'Mar 09',0),(158,'Laos','LA',0,12,0,0,'#0019ff','#0019ff',2,0,0,0,1,12,'Mar 23',8.33),(159,'Argentina','AR',0,1226,48,280,'#001bff','#001bff',34,86,1,2,0,1554,'Mar 02',0),(160,'Burkina Faso','BF',0,238,17,90,'#001aff','#001aff',17,0,0.8,0,0,345,'Mar 08',0),(161,'Bahamas','BS',0,20,5,4,'#0019ff','#0019ff',74,1,13,0,0,29,'Mar 14',0),(162,'Congo','CG',0,38,5,2,'#0019ff','#0019ff',8,0,0.9,0,0,45,'Mar 14',0),(163,'Mali','ML',0,41,5,1,'#0019ff','#0019ff',2,0,0.2,0,2,47,'Mar 24',4.26),(164,'Bermuda','BM',0,23,0,14,'#0019ff','#0019ff',594,0,0,0,0,37,'Mar 17',0),(165,'Uganda','UG',0,52,0,0,'#0019ff','#0019ff',1,0,0,0,0,52,'Mar 20',0),(166,'Georgia','GE',0,150,2,36,'#0019ff','#0019ff',47,6,0.5,0,14,188,'Feb 25',7.45),(167,'Nigeria','NG',0,194,5,33,'#0019ff','#0019ff',1,2,0.02,0,0,232,'Feb 27',0),(168,'Jamaica','JM',0,47,3,8,'#0019ff','#0019ff',20,0,1,0,0,58,'Mar 09',0),(169,'Seychelles','SC',0,10,0,0,'#0019ff','#0019ff',102,0,0,0,0,10,'Mar 13',0),(170,'Bulgaria','BG',0,481,21,39,'#001aff','#001aff',78,22,3,1,10,541,'Mar 06',1.85),(171,'Channel Islands','GB',0,276,6,27,'#0019ff','#0019ff',1777,0,35,0,0,309,'Mar 08',0),(172,'Niger','NE',0,161,10,13,'#0019ff','#0019ff',8,0,0.4,0,0,184,'Mar 18',0),(173,'Russia','RU',0,5890,47,406,'#001bff','#0023ea',43,8,0.3,2,954,6343,'Jan 30',15.04),(174,'Martinique','MQ',0,95,4,50,'#0019ff','#0019ff',397,21,11,0,0,149,'Mar 04',0),(175,'Dominican Republic','DO',0,1646,82,17,'#001cff','#001cff',161,147,8,0,0,1745,'Feb 29',0),(176,'Peru','PE',0,1209,83,989,'#001cff','#001cff',69,81,3,0,0,2281,'Mar 05',0),(177,'Mayotte','YT',0,131,2,14,'#0019ff','#0019ff',539,3,7,0,0,147,'Mar 13',0),(178,'Haiti','HT',0,19,1,1,'#0019ff','#0019ff',2,0,0.09,0,0,21,'Mar 19',0),(179,'Dominica','DM',0,14,0,0,'#0019ff','#0019ff',194,0,0,0,0,14,'Mar 21',0),(180,'Japan','JP',0,2994,85,575,'#001cff','#001ffd',29,69,0.7,0,0,3654,'Jan 14',0),(181,'Malta','MT',0,236,0,5,'#0019ff','#0019ff',546,3,0,0,14,241,'Mar 06',5.81),(182,'Gabon','GA',0,22,1,1,'#0019ff','#0019ff',11,0,0.4,0,3,24,'Mar 12',12.5),(183,'Guinea','GN',0,116,0,5,'#0019ff','#0019ff',9,0,0,0,0,121,'Mar 12',0),(184,'Bosnia and Herzegovina','BA',0,598,29,47,'#001aff','#001aff',205,4,9,6,20,674,'Mar 04',2.97),(185,'Uzbekistan','UZ',0,358,2,30,'#0019ff','#001aff',12,8,0.06,0,48,390,'Mar 14',12.31),(186,'Zimbabwe','ZW',0,8,1,0,'#0019ff','#0019ff',0.6,0,0.07,0,0,9,'Mar 19',0),(187,'Bangladesh','BD',0,78,12,33,'#0019ff','#0019ff',0.7,1,0.07,3,35,123,'Mar 07',28.46),(188,'Philippines','PH',0,3424,163,73,'#001efe','#001ffd',33,1,1,11,414,3660,'Jan 29',11.31),(189,'Suriname','SR',0,9,1,0,'#0019ff','#0019ff',17,0,2,0,0,10,'Mar 12',0),(190,'Pakistan','PK',0,2970,50,257,'#001bff','#001eff',15,17,0.2,3,120,3277,'Feb 25',3.66),(191,'Portugal','PT',0,11279,311,140,'#0023e9','#002bc6',1150,270,31,16,452,11730,'Mar 01',3.85),(192,'Trinidad and Tobago','TT',0,97,7,1,'#0019ff','#0019ff',75,0,5,0,1,105,'Mar 11',0.95),(193,'Ecuador','EC',0,3366,180,100,'#001ffb','#001ffd',207,100,10,0,0,3646,'Feb 28',0),(194,'Romania','RO',0,3489,162,406,'#001efe','#001ffa',211,179,8,11,193,4057,'Feb 25',4.76),(195,'Benin','BJ',0,16,1,5,'#0019ff','#0019ff',2,0,0.08,1,0,22,'Mar 15',0),(196,'Monaco','MC',0,69,1,3,'#0019ff','#0019ff',1860,4,25,0,0,73,'Feb 27',0),(197,'Qatar','QA',0,1477,4,123,'#0019ff','#001bff',557,37,1,0,0,1604,'Feb 28',0),(198,'Nicaragua','NI',0,5,1,0,'#0019ff','#0019ff',0.9,0,0.2,0,0,6,'Mar 18',0),(199,'Egypt','EG',0,848,78,247,'#001cff','#001bff',11,0,0.8,0,0,1173,'Feb 13',0),(200,'El Salvador','SV',0,64,3,2,'#0019ff','#0019ff',11,4,0.5,0,7,69,'Mar 18',10.14),(201,'Slovakia','SK',0,525,1,8,'#0019ff','#001aff',98,3,0.2,0,49,534,'Mar 05',9.18),(202,'North Macedonia','MK',0,514,18,23,'#001aff','#001aff',266,15,9,0,0,555,'Feb 25',0),(203,'Diamond Princess',NULL,0,82,11,619,'#0019ff','#001aff',0,10,0,0,0,712,'Feb 04',0),(204,'World',NULL,0,945728,70567,272024,'#7f0000','#7f0000',165,46058,9.1,1142,15457,1288319,'Jan 10',1.2),(205,'MS Zaandam',NULL,0,7,2,0,'#0019ff','#0019ff',0,0,0,0,0,9,'Mar 26',0),(206,'Tajikistan','TJ',0,0,0,0,NULL,NULL,0,0,0,0,0,0,NULL,NULL),(207,'Turkmenistan','TM',0,0,0,0,NULL,NULL,0,0,0,0,0,0,NULL,NULL),(208,'Yemen','YE',0,0,0,0,NULL,NULL,0,0,0,0,0,0,NULL,NULL),(209,'South Sudan','SS',0,1,0,0,'#0019ff','#0019ff',0.09,0,0,0,0,1,NULL,0),(210,'Democratic Republic of Congo','CD',0,0,0,0,NULL,NULL,0,0,0,0,0,0,NULL,NULL),(211,'Malawi','MW',0,5,0,0,'#0019ff','#0019ff',0.3,1,0,0,1,5,NULL,20),(212,'Botswana','BW',0,5,1,0,'#0019ff','#0019ff',3,0,0.4,0,0,6,'Mar 29',0),(213,'Lesotho','LS',0,0,0,0,NULL,NULL,0,0,0,0,0,0,NULL,NULL),(215,'Sierra Leone','SL',0,6,0,0,'#0019ff','#0019ff',0.8,0,0,0,0,6,'Mar 30',0),(216,'Burundi','BI',0,3,0,0,'#0019ff','#0019ff',0.3,0,0,0,0,3,'Mar 30',0),(217,'Western Sahara','EH',0,4,0,0,'#0019ff','#0019ff',7,0,0,0,0,4,NULL,0),(218,'Kosovo','XK',0,0,0,0,NULL,NULL,0,0,0,0,0,0,NULL,NULL),(219,'Solomon Islands','SB',0,0,0,0,NULL,NULL,0,0,0,0,0,0,NULL,NULL),(220,'Vanuatu','VU',0,0,0,0,NULL,NULL,0,0,0,0,0,0,NULL,NULL),(221,'American Samoa','AS',0,0,0,0,NULL,NULL,0,0,0,0,0,0,NULL,NULL),(222,'Tonga','TO',0,0,0,0,NULL,NULL,0,0,0,0,0,0,NULL,NULL),(223,'Niue','NU',0,0,0,0,NULL,NULL,0,0,0,0,0,0,NULL,NULL),(224,'Cook Islands','CK',0,0,0,0,NULL,NULL,0,0,0,0,0,0,NULL,NULL),(225,'Samoa','WS',0,0,0,0,NULL,NULL,0,0,0,0,0,0,NULL,NULL),(226,'Antarctica','AQ',0,0,0,0,NULL,NULL,0,0,0,0,0,0,NULL,NULL),(227,'Falkland Islands','FK',0,2,0,0,'#0019ff','#0019ff',575,0,0,0,0,2,NULL,0),(228,'South Georgia','GS',0,0,0,0,NULL,NULL,0,0,0,0,0,0,NULL,NULL),(229,'Puerto Rico','PR',0,0,0,0,NULL,NULL,0,0,0,0,0,0,NULL,NULL),(232,'Svalbard','SJ',0,0,0,0,NULL,NULL,0,0,0,0,0,0,NULL,NULL),(233,'North Korea','KP',0,0,0,0,NULL,NULL,0,0,0,0,0,0,NULL,NULL),(246,'Rwanda',NULL,0,100,0,4,'#0019ff','#0019ff',8,0,0,0,0,104,'Mar 13',0),(247,'British Virgin Islands',NULL,0,3,0,0,'#0019ff','#0019ff',99,0,0,0,0,3,'Mar 24',0),(248,'Caribbean Netherlands',NULL,0,2,0,0,'#0019ff','#0019ff',76,0,0,0,0,2,NULL,0),(249,'Saint Pierre Miquelon',NULL,0,1,0,0,'#0019ff','#0019ff',173,0,0,0,0,1,NULL,0);
/*!40000 ALTER TABLE `website_country` ENABLE KEYS */;
UNLOCK TABLES;

--
-- Table structure for table `website_subregion`
--

DROP TABLE IF EXISTS `website_subregion`;
/*!40101 SET @saved_cs_client     = @@character_set_client */;
/*!40101 SET character_set_client = utf8 */;
CREATE TABLE `website_subregion` (
  `id` int(11) NOT NULL AUTO_INCREMENT,
  `name` varchar(200) NOT NULL,
  `population` int(11) NOT NULL,
  `infected` int(11) NOT NULL,
  `dead` int(11) NOT NULL,
  `cured` int(11) NOT NULL,
  `dead_color` varchar(7) DEFAULT NULL,
  `infected_color` varchar(7) DEFAULT NULL,
  `country_id` int(11) NOT NULL,
  `total_cases` int(11) NOT NULL,
  `first_case_date` varchar(50) DEFAULT NULL,
  `percentage_increase` double DEFAULT NULL,
  PRIMARY KEY (`id`),
  KEY `website_subregion_country_id_954dbd8a_fk_website_country_id` (`country_id`),
  CONSTRAINT `website_subregion_country_id_954dbd8a_fk_website_country_id` FOREIGN KEY (`country_id`) REFERENCES `website_country` (`id`)
) ENGINE=InnoDB AUTO_INCREMENT=627 DEFAULT CHARSET=utf8;
/*!40101 SET character_set_client = @saved_cs_client */;

--
-- Dumping data for table `website_subregion`
--

LOCK TABLES `website_subregion` WRITE;
/*!40000 ALTER TABLE `website_subregion` DISABLE KEYS */;
INSERT INTO `website_subregion` VALUES (1,'Upper Siang',0,0,0,0,'#00007f','#00007f',87,0,NULL,NULL),(2,'Banka',0,0,0,0,'#00007f','#00007f',87,0,NULL,NULL),(3,'Mahoba',0,0,0,0,'#00007f','#00007f',87,0,NULL,NULL),(4,'Jhunhjunun',0,0,0,0,'#00007f','#0000cc',87,6,NULL,NULL),(5,'Gonda',0,0,0,0,'#00007f','#00007f',87,0,NULL,NULL),(6,'Karnal',0,0,0,0,'#00007f','#00007f',87,0,NULL,NULL),(7,'Tawang',0,0,0,0,'#00007f','#00007f',87,0,NULL,NULL),(8,'Bidar',0,0,0,0,'#00007f','#00007f',87,0,NULL,NULL),(9,'Hisar',0,0,0,0,'#00007f','#00007f',87,0,NULL,NULL),(10,'Koriya',0,0,0,0,'#00007f','#00007f',87,0,NULL,NULL),(11,'Jashpur',0,0,0,0,'#00007f','#00007f',87,0,NULL,NULL),(12,'Dhaulpur',0,0,0,0,'#00007f','#00007f',87,0,NULL,NULL),(13,'Mandya',0,0,0,0,'#00007f','#00007f',87,0,NULL,NULL),(14,'Ratlam',0,0,0,0,'#00007f','#00007f',87,0,NULL,NULL),(15,'Zunheboto',0,0,0,0,'#00007f','#00007f',87,0,NULL,NULL),(16,'Harda',0,0,0,0,'#00007f','#00007f',87,0,NULL,NULL),(17,'Panch Mahals',0,0,0,0,'#00007f','#00007f',87,0,NULL,NULL),(18,'Pulwama',0,0,0,0,'#00007f','#00007f',87,0,NULL,NULL),(19,'Faridkot',0,0,0,0,'#00007f','#00007f',87,0,NULL,NULL),(20,'Mathura',0,0,0,0,'#00007f','#00007f',87,0,NULL,NULL),(21,'Araria',0,0,0,0,'#00007f','#00007f',87,0,NULL,NULL),(22,'Surat',0,0,1,0,'#007fff','#0000d9',87,7,NULL,NULL),(23,'Lalitpur',0,0,0,0,'#00007f','#00007f',87,0,NULL,NULL),(24,'Mayurbhanj',0,0,0,0,'#00007f','#00007f',87,0,NULL,NULL),(25,'Bhind',0,0,0,0,'#00007f','#00007f',87,0,NULL,NULL),(26,'Vizianagaram',0,0,0,0,'#00007f','#00007f',87,0,NULL,NULL),(27,'Kokrajhar',0,0,0,0,'#00007f','#00007f',87,0,NULL,NULL),(28,'Anuppur',0,0,0,0,'#00007f','#00007f',87,0,NULL,NULL),(29,'Hamirpur',0,0,0,0,'#00007f','#00007f',87,0,NULL,NULL),(30,'Buxar',0,0,0,0,'#00007f','#00007f',87,0,NULL,NULL),(31,'Kanpur Dehat',0,0,0,0,'#00007f','#00007f',87,0,NULL,NULL),(32,'Ramban',0,0,0,0,'#00007f','#00007f',87,0,NULL,NULL),(33,'Dimapur',0,0,0,0,'#00007f','#00007f',87,0,NULL,NULL),(34,'Anugul',0,0,0,0,'#00007f','#00007f',87,0,NULL,NULL),(35,'Lucknow',0,0,0,0,'#00007f','#0028ff',87,13,NULL,NULL),(36,'Chirang',0,0,0,0,'#00007f','#00007f',87,0,NULL,NULL),(37,'North and Middle Andaman',0,0,0,0,'#00007f','#00007f',87,0,NULL,NULL),(38,'Cachar',0,0,0,0,'#00007f','#00007f',87,0,NULL,NULL),(39,'Latehar',0,0,0,0,'#00007f','#00007f',87,0,NULL,NULL),(40,'Rangareddi',0,0,0,0,'#00007f','#0000c0',87,5,NULL,NULL),(41,'Chamoli',0,0,0,0,'#00007f','#00007f',87,0,NULL,NULL),(42,'Damoh',0,0,0,0,'#00007f','#00007f',87,0,NULL,NULL),(43,'Uttarakshi',0,0,0,0,'#00007f','#00007f',87,0,NULL,NULL),(44,'Badgam',0,0,0,0,'#00007f','#00007f',87,0,NULL,NULL),(45,'Aizawl',0,0,0,0,'#00007f','#00008c',87,1,NULL,NULL),(46,'Udham Singh Nagar',0,0,0,0,'#00007f','#00007f',87,0,NULL,NULL),(47,'Azamgarh',0,0,0,0,'#00007f','#00007f',87,0,NULL,NULL),(48,'Bhagalpur',0,0,0,0,'#00007f','#00007f',87,0,NULL,NULL),(49,'Morena',0,0,0,0,'#00007f','#00007f',87,0,NULL,NULL),(50,'Nashik',0,0,0,0,'#00007f','#00007f',87,0,NULL,NULL),(51,'Khordha',0,0,0,0,'#00007f','#0000a6',87,3,NULL,NULL),(52,'Gondiya',0,0,0,0,'#00007f','#00008c',87,1,NULL,NULL),(53,'Ukhrul',0,0,0,0,'#00007f','#00007f',87,0,NULL,NULL),(54,'Kanpur Nagar',0,0,0,0,'#00007f','#00007f',87,0,NULL,NULL),(55,'Chandigarh',0,0,0,0,'#00007f','#0000e6',87,8,NULL,NULL),(56,'Anjaw',0,0,0,0,'#00007f','#00007f',87,0,NULL,NULL),(57,'Purba Medinipur',0,0,0,0,'#00007f','#00007f',87,0,NULL,NULL),(58,'Palakkad',0,0,0,0,'#00007f','#0000a6',87,3,NULL,NULL),(59,'Narayanpur',0,0,0,0,'#00007f','#00007f',87,0,NULL,NULL),(60,'Ghaziabad',0,0,0,0,'#00007f','#000099',87,2,NULL,NULL),(61,'Nagapattinam',0,0,0,0,'#00007f','#00007f',87,0,NULL,NULL),(62,'Bathinda',0,0,0,0,'#00007f','#00007f',87,0,NULL,NULL),(63,'Gadchiroli',0,0,0,0,'#00007f','#00007f',87,0,NULL,NULL),(64,'Amravati',0,0,0,0,'#00007f','#00007f',87,0,NULL,NULL),(65,'Ghazipur',0,0,0,0,'#00007f','#00007f',87,0,NULL,NULL),(66,'Jalgaon',0,0,0,0,'#00007f','#00007f',87,0,NULL,NULL),(67,'Barnala',0,0,0,0,'#00007f','#00007f',87,0,NULL,NULL),(68,'Firozpur',0,0,0,0,'#00007f','#00007f',87,0,NULL,NULL),(69,'SBS Nagar',0,0,1,0,'#007fff','#0028ff',87,13,NULL,NULL),(70,'Bangalore Rural',0,0,0,0,'#00007f','#00007f',87,0,NULL,NULL),(71,'Saharsa',0,0,0,0,'#00007f','#00007f',87,0,NULL,NULL),(72,'Shahjahanpur',0,0,0,0,'#00007f','#00007f',87,0,NULL,NULL),(73,'Karaikal',0,0,0,0,'#00007f','#00007f',87,0,NULL,NULL),(74,'Etah',0,0,0,0,'#00007f','#00007f',87,0,NULL,NULL),(75,'Golaghat',0,0,0,0,'#00007f','#00007f',87,0,NULL,NULL),(76,'Ranchi',0,0,0,0,'#00007f','#00007f',87,0,NULL,NULL),(77,'Pondicherry',0,0,0,0,'#00007f','#00007f',87,0,NULL,NULL),(78,'Baksa',0,0,0,0,'#00007f','#00007f',87,0,NULL,NULL),(79,'Sheohar',0,0,0,0,'#00007f','#00007f',87,0,NULL,NULL),(80,'Una',0,0,0,0,'#00007f','#00007f',87,0,NULL,NULL),(81,'Sivagangai',0,0,0,0,'#00007f','#00007f',87,0,NULL,NULL),(82,'Uttara Kannada',0,0,0,0,'#00007f','#00007f',87,0,NULL,NULL),(83,'Agra',0,0,0,0,'#00007f','#0000f3',87,9,NULL,NULL),(84,'Kachchh',0,0,0,0,'#00007f','#00008c',87,1,NULL,NULL),(85,'Chamarajanagar',0,0,0,0,'#00007f','#00007f',87,0,NULL,NULL),(86,'Rampur',0,0,0,0,'#00007f','#00007f',87,0,NULL,NULL),(87,'Erode',0,0,0,0,'#00007f','#0000b3',87,4,NULL,NULL),(88,'Bellary',0,0,0,0,'#00007f','#00007f',87,0,NULL,NULL),(89,'Kathua',0,0,0,0,'#00007f','#00007f',87,0,NULL,NULL),(90,'Kheri',0,0,0,0,'#00007f','#00008c',87,1,NULL,NULL),(91,'Shahdol',0,0,0,0,'#00007f','#00007f',87,0,NULL,NULL),(92,'Jhajjar',0,0,0,0,'#00007f','#00007f',87,0,NULL,NULL),(93,'Sri Potti Sriramulu Nellore',0,0,0,0,'#00007f','#00008c',87,1,NULL,NULL),(94,'PoK',0,0,0,0,'#00007f','#00007f',87,0,NULL,NULL),(95,'Nabarangapur',0,0,0,0,'#00007f','#00007f',87,0,NULL,NULL),(96,'East Kameng',0,0,0,0,'#00007f','#00007f',87,0,NULL,NULL),(97,'Kodagu',0,0,0,0,'#00007f','#00008c',87,1,NULL,NULL),(98,'Navsari',0,0,0,0,'#00007f','#00007f',87,0,NULL,NULL),(99,'Sirohi',0,0,0,0,'#00007f','#00007f',87,0,NULL,NULL),(100,'Kushinagar',0,0,0,0,'#00007f','#00007f',87,0,NULL,NULL),(101,'Rajgarh',0,0,0,0,'#00007f','#00007f',87,0,NULL,NULL),(102,'Kaithal',0,0,0,0,'#00007f','#00007f',87,0,NULL,NULL),(103,'Sirmaur',0,0,0,0,'#00007f','#00007f',87,0,NULL,NULL),(104,'West Garo Hills',0,0,0,0,'#00007f','#00007f',87,0,NULL,NULL),(105,'Wardha',0,0,0,0,'#00007f','#00007f',87,0,NULL,NULL),(106,'Darrang',0,0,0,0,'#00007f','#00007f',87,0,NULL,NULL),(107,'Srinagar',0,0,1,0,'#007fff','#004fff',87,16,NULL,NULL),(108,'South Andaman',0,0,0,0,'#00007f','#0000cc',87,6,NULL,NULL),(109,'Debagarh',0,0,0,0,'#00007f','#00007f',87,0,NULL,NULL),(110,'Gaya',0,0,0,0,'#00007f','#00007f',87,0,NULL,NULL),(111,'Jehanabad',0,0,0,0,'#00007f','#00007f',87,0,NULL,NULL),(112,'Mumbai',0,0,4,0,'#7f0000','#ff6800',87,61,NULL,NULL),(113,'Uttar Bastar Kanker',0,0,0,0,'#00007f','#00007f',87,0,NULL,NULL),(114,'Dakshin Dinajpur',0,0,0,0,'#00007f','#00007f',87,0,NULL,NULL),(115,'Bhadrak',0,0,0,0,'#00007f','#00007f',87,0,NULL,NULL),(116,'Sitamarhi',0,0,0,0,'#00007f','#00007f',87,0,NULL,NULL),(117,'Dakshina Kannada',0,0,0,0,'#00007f','#0000e6',87,8,NULL,NULL),(118,'Unnao',0,0,0,0,'#00007f','#00007f',87,0,NULL,NULL),(119,'Sivasagar',0,0,0,0,'#00007f','#00007f',87,0,NULL,NULL),(120,'Jhansi',0,0,0,0,'#00007f','#00007f',87,0,NULL,NULL),(121,'Mau',0,0,0,0,'#00007f','#00007f',87,0,NULL,NULL),(122,'Vellore',0,0,0,0,'#00007f','#00008c',87,1,NULL,NULL),(123,'Coimbatore',0,0,0,0,'#00007f','#00008c',87,1,NULL,NULL),(124,'Bongaigaon',0,0,0,0,'#00007f','#00007f',87,0,NULL,NULL),(125,'Durg',0,0,0,0,'#00007f','#00008c',87,1,NULL,NULL),(126,'Allahabad',0,0,0,0,'#00007f','#00007f',87,0,NULL,NULL),(127,'Hardoi',0,0,0,0,'#00007f','#00007f',87,0,NULL,NULL),(128,'Jaipur',0,0,0,0,'#00007f','#0001ff',87,10,NULL,NULL),(129,'Thrissur',0,0,0,0,'#00007f','#0000cc',87,6,NULL,NULL),(130,'Parbhani',0,0,0,0,'#00007f','#00007f',87,0,NULL,NULL),(131,'Bikaner',0,0,0,0,'#00007f','#00007f',87,0,NULL,NULL),(132,'North Goa',0,0,0,0,'#00007f','#0000a6',87,3,NULL,NULL),(133,'Haveri',0,0,0,0,'#00007f','#00007f',87,0,NULL,NULL),(134,'Bhopal',0,0,0,0,'#00007f','#0000a6',87,3,NULL,NULL),(135,'Bangalore',0,0,0,0,'#00007f','#92ff6c',87,41,NULL,NULL),(136,'Tikamgarh',0,0,0,0,'#00007f','#00007f',87,0,NULL,NULL),(137,'Dhanbad',0,0,0,0,'#00007f','#00007f',87,0,NULL,NULL),(138,'South District',0,0,0,0,'#00007f','#00007f',87,0,NULL,NULL),(139,'Mandsaur',0,0,0,0,'#00007f','#00007f',87,0,NULL,NULL),(140,'Pali',0,0,0,0,'#00007f','#00008c',87,1,NULL,NULL),(141,'Karimnagar',0,0,0,0,'#00007f','#0000d9',87,7,NULL,NULL),(142,'Sabar Kantha',0,0,0,0,'#00007f','#00007f',87,0,NULL,NULL),(143,'Chandraili',0,0,0,0,'#00007f','#00007f',87,0,NULL,NULL),(144,'Wokha',0,0,0,0,'#00007f','#00007f',87,0,NULL,NULL),(145,'Chennai',0,0,0,0,'#00007f','#009cff',87,22,NULL,NULL),(146,'Bageshwar',0,0,0,0,'#00007f','#00007f',87,0,NULL,NULL),(147,'Seoni',0,0,0,0,'#00007f','#00007f',87,0,NULL,NULL),(148,'Kupwara',0,0,0,0,'#00007f','#00007f',87,0,NULL,NULL),(149,'Gopalganj',0,0,0,0,'#00007f','#00007f',87,0,NULL,NULL),(150,'Ladakh',0,0,0,0,'#00007f','#000eff',87,11,NULL,NULL),(151,'SRNB',0,0,0,0,'#00007f','#00007f',87,0,NULL,NULL),(152,'Osmanabad',0,0,0,0,'#00007f','#00007f',87,0,NULL,NULL),(153,'Jalandhar',0,0,0,0,'#00007f','#0000c0',87,5,NULL,NULL),(154,'Davanagere',0,0,0,0,'#00007f','#00007f',87,0,NULL,NULL),(155,'Mainpuri',0,0,0,0,'#00007f','#00007f',87,0,NULL,NULL),(156,'Fatehpur',0,0,0,0,'#00007f','#00007f',87,0,NULL,NULL),(157,'Kasargod',0,0,0,0,'#00007f','#7f0000',87,79,NULL,NULL),(158,'Bandipore',0,0,0,0,'#00007f','#0000b3',87,4,NULL,NULL),(159,'Tapi',0,0,0,0,'#00007f','#00007f',87,0,NULL,NULL),(160,'Kargil',0,0,0,0,'#00007f','#000099',87,2,NULL,NULL),(161,'Ganderbal',0,0,0,0,'#00007f','#00007f',87,0,NULL,NULL),(162,'Pune',0,0,0,0,'#00007f','#1effe0',87,32,NULL,NULL),(163,'Dausa',0,0,0,0,'#00007f','#00007f',87,0,NULL,NULL),(164,'Ambala',0,0,0,0,'#00007f','#00007f',87,0,NULL,NULL),(165,'Buldana',0,0,0,0,'#00007f','#00007f',87,0,NULL,NULL),(166,'Gurdaspur',0,0,0,0,'#00007f','#00007f',87,0,NULL,NULL),(167,'Guntur',0,0,0,0,'#00007f','#000099',87,2,NULL,NULL),(168,'Barwani',0,0,0,0,'#00007f','#00007f',87,0,NULL,NULL),(169,'Yavatmal',0,0,0,0,'#00007f','#0000b3',87,4,NULL,NULL),(170,'Tonk',0,0,0,0,'#00007f','#00007f',87,0,NULL,NULL),(171,'Neemuch',0,0,0,0,'#00007f','#00007f',87,0,NULL,NULL),(172,'Udhampur',0,0,0,0,'#00007f','#00007f',87,0,NULL,NULL),(173,'Mansa',0,0,0,0,'#00007f','#00007f',87,0,NULL,NULL),(174,'Murshidabad',0,0,0,0,'#00007f','#00007f',87,0,NULL,NULL),(175,'Junagadh',0,0,0,0,'#00007f','#00007f',87,0,NULL,NULL),(176,'Champawat',0,0,0,0,'#00007f','#00007f',87,0,NULL,NULL),(177,'Longleng',0,0,0,0,'#00007f','#00007f',87,0,NULL,NULL),(178,'Rae Bareli',0,0,0,0,'#00007f','#00007f',87,0,NULL,NULL),(179,'Baleshwar',0,0,0,0,'#00007f','#00007f',87,0,NULL,NULL),(180,'Nicobar',0,0,0,0,'#00007f','#00007f',87,0,NULL,NULL),(181,'Jaina',0,0,0,0,'#00007f','#00007f',87,0,NULL,NULL),(182,'Kaimur (Bhabua',0,0,0,0,'#00007f','#00007f',87,0,NULL,NULL),(183,'Doda',0,0,0,0,'#00007f','#00007f',87,0,NULL,NULL),(184,'Sawai Madhopur',0,0,0,0,'#00007f','#00007f',87,0,NULL,NULL),(185,'Karauli',0,0,0,0,'#00007f','#00007f',87,0,NULL,NULL),(186,'Sahibganj',0,0,0,0,'#00007f','#00007f',87,0,NULL,NULL),(187,'Purbi Singhbhum',0,0,0,0,'#00007f','#00007f',87,0,NULL,NULL),(188,'Kapurthala',0,0,0,0,'#00007f','#00007f',87,0,NULL,NULL),(189,'Kamrup',0,0,0,0,'#00007f','#00007f',87,0,NULL,NULL),(190,'Lower Subansiri',0,0,0,0,'#00007f','#00007f',87,0,NULL,NULL),(191,'Burhanpur',0,0,0,0,'#00007f','#00007f',87,0,NULL,NULL),(192,'Chandel',0,0,0,0,'#00007f','#00007f',87,0,NULL,NULL),(193,'Deoghar',0,0,0,0,'#00007f','#00007f',87,0,NULL,NULL),(194,'Basti',0,0,0,0,'#00007f','#00007f',87,0,NULL,NULL),(195,'Kamrup Metropolitan',0,0,0,0,'#00007f','#00007f',87,0,NULL,NULL),(196,'Dewas',0,0,0,0,'#00007f','#00007f',87,0,NULL,NULL),(197,'Ashoknagar',0,0,0,0,'#00007f','#00007f',87,0,NULL,NULL),(198,'Kohima',0,0,0,0,'#00007f','#00007f',87,0,NULL,NULL),(199,'Dhalai',0,0,0,0,'#00007f','#00007f',87,0,NULL,NULL),(200,'Sundargarh',0,0,0,0,'#00007f','#00007f',87,0,NULL,NULL),(201,'Thanjavur',0,0,0,0,'#00007f','#00008c',87,1,NULL,NULL),(202,'South Twenty Four Parganas',0,0,0,0,'#00007f','#00007f',87,0,NULL,NULL),(203,'Dhar',0,0,0,0,'#00007f','#00007f',87,0,NULL,NULL),(204,'Ramanagara',0,0,0,0,'#00007f','#00007f',87,0,NULL,NULL),(205,'Kollam',0,0,0,0,'#00007f','#00008c',87,1,NULL,NULL),(206,'Siwan',0,0,0,0,'#00007f','#00008c',87,1,NULL,NULL),(207,'Chatra',0,0,0,0,'#00007f','#00007f',87,0,NULL,NULL),(208,'Etawah',0,0,0,0,'#00007f','#00007f',87,0,NULL,NULL),(209,'Cuddalore',0,0,0,0,'#00007f','#00007f',87,0,NULL,NULL),(210,'Nandurbar',0,0,0,0,'#00007f','#00007f',87,0,NULL,NULL),(211,'Rupnagar',0,0,0,0,'#00007f','#00007f',87,0,NULL,NULL),(212,'Udalguri',0,0,0,0,'#00007f','#00007f',87,0,NULL,NULL),(213,'Farrukhabad',0,0,0,0,'#00007f','#00007f',87,0,NULL,NULL),(214,'Nizamabad',0,0,0,0,'#00007f','#00007f',87,0,NULL,NULL),(215,'Tehri Garhwal',0,0,0,0,'#00007f','#00007f',87,0,NULL,NULL),(216,'Y.S.R',0,0,0,0,'#00007f','#00007f',87,0,NULL,NULL),(217,'Bahraich',0,0,0,0,'#00007f','#00007f',87,0,NULL,NULL),(218,'Kishanganj',0,0,0,0,'#00007f','#00007f',87,0,NULL,NULL),(219,'Katihar',0,0,0,0,'#00007f','#00007f',87,0,NULL,NULL),(220,'Arwal',0,0,0,0,'#00007f','#00007f',87,0,NULL,NULL),(221,'Latur',0,0,0,0,'#00007f','#00007f',87,0,NULL,NULL),(222,'Anantnag',0,0,0,0,'#00007f','#00007f',87,0,NULL,NULL),(223,'Giridih',0,0,0,0,'#00007f','#00007f',87,0,NULL,NULL),(224,'Patan',0,0,0,0,'#00007f','#00007f',87,0,NULL,NULL),(225,'Barddhaman',0,0,0,0,'#00007f','#00007f',87,0,NULL,NULL),(226,'Mirzapur',0,0,0,0,'#00007f','#00007f',87,0,NULL,NULL),(227,'Bid',0,0,0,0,'#00007f','#00007f',87,0,NULL,NULL),(228,'Theni',0,0,0,0,'#00007f','#00007f',87,0,NULL,NULL),(229,'Hyderabad',0,0,0,0,'#00007f','#52ffac',87,36,NULL,NULL),(230,'Bargarh',0,0,0,0,'#00007f','#00007f',87,0,NULL,NULL),(231,'The Nilgiris',0,0,0,0,'#00007f','#00007f',87,0,NULL,NULL),(232,'Jajapur',0,0,0,0,'#00007f','#00007f',87,0,NULL,NULL),(233,'Shajapur',0,0,0,0,'#00007f','#00007f',87,0,NULL,NULL),(234,'Mahesana',0,0,0,0,'#00007f','#00008c',87,1,NULL,NULL),(235,'Auraiya',0,0,0,0,'#00007f','#00007f',87,0,NULL,NULL),(236,'Ajmer',0,0,0,0,'#00007f','#00008c',87,1,NULL,NULL),(237,'Datia',0,0,0,0,'#00007f','#00007f',87,0,NULL,NULL),(238,'Koraput',0,0,0,0,'#00007f','#00007f',87,0,NULL,NULL),(239,'Ambedkar Nagar',0,0,0,0,'#00007f','#00007f',87,0,NULL,NULL),(240,'Budaun',0,0,0,0,'#00007f','#00007f',87,0,NULL,NULL),(241,'Vidisha',0,0,0,0,'#00007f','#00007f',87,0,NULL,NULL),(242,'Serchhip',0,0,0,0,'#00007f','#00007f',87,0,NULL,NULL),(243,'Palamu',0,0,0,0,'#00007f','#00007f',87,0,NULL,NULL),(244,'Porbandar',0,0,0,0,'#00007f','#00007f',87,0,NULL,NULL),(245,'Paschim Champaran',0,0,0,0,'#00007f','#00007f',87,0,NULL,NULL),(246,'Ernakulam',0,0,1,0,'#007fff','#0082ff',87,20,NULL,NULL),(247,'Khunti',0,0,0,0,'#00007f','#00007f',87,0,NULL,NULL),(248,'Bijapur',0,0,0,0,'#00007f','#00007f',87,0,NULL,NULL),(249,'Bhandara',0,0,0,0,'#00007f','#00007f',87,0,NULL,NULL),(250,'Fatehgarh Sahib',0,0,0,0,'#00007f','#00007f',87,0,NULL,NULL),(251,'Shivpuri',0,0,0,0,'#00007f','#000099',87,2,NULL,NULL),(252,'Lawngtlai',0,0,0,0,'#00007f','#00007f',87,0,NULL,NULL),(253,'SKN',0,0,0,0,'#00007f','#00007f',87,0,NULL,NULL),(254,'Gandhinagar',0,0,0,0,'#00007f','#0000e6',87,8,NULL,NULL),(255,'Reasi',0,0,0,0,'#00007f','#00007f',87,0,NULL,NULL),(256,'Thoothukkudi',0,0,0,0,'#00007f','#00007f',87,0,NULL,NULL),(257,'Mahe',0,0,0,0,'#00007f','#00008c',87,1,NULL,NULL),(258,'Varanasi',0,0,0,0,'#00007f','#00008c',87,1,NULL,NULL),(259,'Muktsar',0,0,0,0,'#00007f','#00007f',87,0,NULL,NULL),(260,'Singrauli',0,0,0,0,'#00007f','#00007f',87,0,NULL,NULL),(261,'Phule',0,0,0,0,'#00007f','#00008c',87,1,NULL,NULL),(262,'Tinsukia',0,0,0,0,'#00007f','#00007f',87,0,NULL,NULL),(263,'Jharsuguda',0,0,0,0,'#00007f','#00007f',87,0,NULL,NULL),(264,'Purba Champaran',0,0,0,0,'#00007f','#00007f',87,0,NULL,NULL),(265,'Chikkaballapura',0,0,0,0,'#00007f','#0000d9',87,7,NULL,NULL),(266,'Hardwar',0,0,0,0,'#00007f','#00007f',87,0,NULL,NULL),(267,'Saran',0,0,0,0,'#00007f','#00007f',87,0,NULL,NULL),(268,'Chandrapur',0,0,0,0,'#00007f','#00007f',87,0,NULL,NULL),(269,'Tuensang',0,0,0,0,'#00007f','#00007f',87,0,NULL,NULL),(270,'Dumka',0,0,0,0,'#00007f','#00007f',87,0,NULL,NULL),(271,'Bharatpur',0,0,0,0,'#00007f','#00007f',87,0,NULL,NULL),(272,'Rohtas',0,0,0,0,'#00007f','#00007f',87,0,NULL,NULL),(273,'Saiha',0,0,0,0,'#00007f','#00007f',87,0,NULL,NULL),(274,'Kannauj',0,0,0,0,'#00007f','#00007f',87,0,NULL,NULL),(275,'Lower Dibang Valley',0,0,0,0,'#00007f','#00007f',87,0,NULL,NULL),(276,'Cuttack',0,0,0,0,'#00007f','#00007f',87,0,NULL,NULL),(277,'Dhamtari',0,0,0,0,'#00007f','#00007f',87,0,NULL,NULL),(278,'Goalpara',0,0,0,0,'#00007f','#00007f',87,0,NULL,NULL),(279,'Jamui',0,0,0,0,'#00007f','#00007f',87,0,NULL,NULL),(280,'Sonipat',0,0,0,0,'#00007f','#00008c',87,1,NULL,NULL),(281,'Nalgonda',0,0,0,0,'#00007f','#00007f',87,0,NULL,NULL),(282,'Alwar',0,0,0,0,'#00007f','#00007f',87,0,NULL,NULL),(283,'Nadia',0,0,0,0,'#00007f','#0000c0',87,5,NULL,NULL),(284,'Ballia',0,0,0,0,'#00007f','#00007f',87,0,NULL,NULL),(285,'Ahmadabad',0,0,1,0,'#7fff7f','#0068ff',87,18,NULL,NULL),(286,'Nagpur',0,0,0,0,'#00007f','#000eff',87,11,NULL,NULL),(287,'Khammam',0,0,0,0,'#00007f','#0000a6',87,3,NULL,NULL),(288,'Ariyalur',0,0,0,0,'#00007f','#00008c',87,1,NULL,NULL),(289,'Akola',0,0,0,0,'#00007f','#00007f',87,0,NULL,NULL),(290,'Godda',0,0,0,0,'#00007f','#00007f',87,0,NULL,NULL),(291,'Bhilwara',0,0,1,0,'#007fff','#00b6ff',87,24,NULL,NULL),(292,'Lohit',0,0,0,0,'#00007f','#00007f',87,0,NULL,NULL),(293,'Ujjain',0,0,1,0,'#007fff','#0000a6',87,3,NULL,NULL),(294,'Sonitpur',0,0,0,0,'#00007f','#00007f',87,0,NULL,NULL),(295,'Gadag',0,0,0,0,'#00007f','#00007f',87,0,NULL,NULL),(296,'Udaipur',0,0,0,0,'#00007f','#00007f',87,0,NULL,NULL),(297,'Warangal',0,0,0,0,'#00007f','#00007f',87,0,NULL,NULL),(298,'Chhindwara',0,0,0,0,'#00007f','#00007f',87,0,NULL,NULL),(299,'Haora',0,0,0,0,'#00007f','#00007f',87,0,NULL,NULL),(300,'East Godavari',0,0,0,0,'#00007f','#00008c',87,1,NULL,NULL),(301,'Pudukkottai',0,0,0,0,'#00007f','#00007f',87,0,NULL,NULL),(302,'Palwal',0,0,0,0,'#00007f','#00008c',87,1,NULL,NULL),(303,'Namakkal',0,0,0,0,'#00007f','#00007f',87,0,NULL,NULL),(304,'Dharbanga',0,0,0,0,'#00007f','#00007f',87,0,NULL,NULL),(305,'Krishna',0,0,0,0,'#00007f','#000099',87,2,NULL,NULL),(306,'Baran',0,0,0,0,'#00007f','#00007f',87,0,NULL,NULL),(307,'Punch',0,0,0,0,'#00007f','#00007f',87,0,NULL,NULL),(308,'Jaisalmer',0,0,0,0,'#00007f','#00007f',87,0,NULL,NULL),(309,'South Goa',0,0,0,0,'#00007f','#00007f',87,0,NULL,NULL),(310,'Chikmagalur',0,0,0,0,'#00007f','#00007f',87,0,NULL,NULL),(311,'Jamtara',0,0,0,0,'#00007f','#00007f',87,0,NULL,NULL),(312,'Paschimi Singhbhum',0,0,0,0,'#00007f','#00007f',87,0,NULL,NULL),(313,'Panipat',0,0,0,0,'#00007f','#0000b3',87,4,NULL,NULL),(314,'Idukki',0,0,0,0,'#00007f','#0000a6',87,3,NULL,NULL),(315,'Kota',0,0,0,0,'#00007f','#00007f',87,0,NULL,NULL),(316,'Mokokchung',0,0,0,0,'#00007f','#00007f',87,0,NULL,NULL),(317,'Chitrakoot',0,0,0,0,'#00007f','#00007f',87,0,NULL,NULL),(318,'Thoubal',0,0,0,0,'#00007f','#00007f',87,0,NULL,NULL),(319,'Tiruppur',0,0,0,0,'#00007f','#00008c',87,1,NULL,NULL),(320,'Aligarh',0,0,0,0,'#00007f','#00007f',87,0,NULL,NULL),(321,'Bhojpur',0,0,0,0,'#00007f','#00007f',87,0,NULL,NULL),(322,'Anand',0,0,0,0,'#00007f','#00007f',87,0,NULL,NULL),(323,'Korba',0,0,0,0,'#00007f','#00007f',87,0,NULL,NULL),(324,'Raipur',0,0,0,0,'#00007f','#0000a6',87,3,NULL,NULL),(325,'Kancheepuram',0,0,0,0,'#00007f','#00008c',87,1,NULL,NULL),(326,'Maldah',0,0,0,0,'#00007f','#00007f',87,0,NULL,NULL),(327,'Morigaon',0,0,0,0,'#00007f','#00007f',87,0,NULL,NULL),(328,'Thane',0,0,1,0,'#007fff','#0068ff',87,18,NULL,NULL),(329,'Hassan',0,0,0,0,'#00007f','#00007f',87,0,NULL,NULL),(330,'Udupi',0,0,0,0,'#00007f','#00008c',87,1,NULL,NULL),(331,'Bagalkot',0,0,0,0,'#00007f','#00007f',87,0,NULL,NULL),(332,'Darjiling',0,0,0,0,'#00007f','#00007f',87,0,NULL,NULL),(333,'Chittaurgarh',0,0,0,0,'#00007f','#00007f',87,0,NULL,NULL),(334,'Dhubri',0,0,0,0,'#00007f','#00007f',87,0,NULL,NULL),(335,'Kheda',0,0,0,0,'#00007f','#00007f',87,0,NULL,NULL),(336,'Madhubani',0,0,0,0,'#00007f','#00007f',87,0,NULL,NULL),(337,'Raisen',0,0,0,0,'#00007f','#00007f',87,0,NULL,NULL),(338,'Rayagada',0,0,0,0,'#00007f','#00007f',87,0,NULL,NULL),(339,'Valsad',0,0,0,0,'#00007f','#00007f',87,0,NULL,NULL),(340,'The Dangs',0,0,0,0,'#00007f','#00007f',87,0,NULL,NULL),(341,'Medak',0,0,0,0,'#00007f','#00007f',87,0,NULL,NULL),(342,'North Twenty Four Parganas',0,0,0,0,'#00007f','#000099',87,2,NULL,NULL),(343,'Jalpaiguri',0,0,0,0,'#00007f','#00007f',87,0,NULL,NULL),(344,'Jind',0,0,0,0,'#00007f','#00007f',87,0,NULL,NULL),(345,'Aurangabad',0,0,0,0,'#00007f','#00007f',87,1,NULL,NULL),(346,'Rajsamand',0,0,0,0,'#00007f','#00007f',87,0,NULL,NULL),(347,'Krishnagiri',0,0,0,0,'#00007f','#00007f',87,0,NULL,NULL),(348,'Dehradun',0,0,0,0,'#00007f','#0000c0',87,4,NULL,NULL),(349,'Narsimhapur',0,0,0,0,'#00007f','#00007f',87,0,NULL,NULL),(350,'Kinnaur',0,0,0,0,'#00007f','#00007f',87,0,NULL,NULL),(351,'Amreli',0,0,0,0,'#00007f','#00007f',87,0,NULL,NULL),(352,'Mewat',0,0,0,0,'#00007f','#00007f',87,0,NULL,NULL),(353,'Thiruvarur',0,0,0,0,'#00007f','#00007f',87,0,NULL,NULL),(354,'Indore',0,0,1,0,'#007fff','#004fff',87,16,NULL,NULL),(355,'East Garo Hills',0,0,0,0,'#00007f','#00007f',87,0,NULL,NULL),(356,'Kullu',0,0,0,0,'#00007f','#00007f',87,0,NULL,NULL),(357,'Bankura',0,0,0,0,'#00007f','#00007f',87,0,NULL,NULL),(358,'Tirap',0,0,0,0,'#00007f','#00007f',87,0,NULL,NULL),(359,'Dibrugarh',0,0,0,0,'#00007f','#00007f',87,0,NULL,NULL),(360,'Bilaspur',0,0,0,0,'#00007f','#00008c',87,1,NULL,NULL),(361,'Yanam',0,0,0,0,'#00007f','#00007f',87,0,NULL,NULL),(362,'Jammu',0,0,0,0,'#00007f','#0000a6',87,3,NULL,NULL),(363,'Banda',0,0,0,0,'#00007f','#00007f',87,0,NULL,NULL),(364,'Salem',0,0,0,0,'#00007f','#00008c',87,1,NULL,NULL),(365,'Mon',0,0,0,0,'#00007f','#00007f',87,0,NULL,NULL),(366,'Senapati',0,0,0,0,'#00007f','#00007f',87,0,NULL,NULL),(367,'Peren',0,0,0,0,'#00007f','#00007f',87,0,NULL,NULL),(368,'Gumla',0,0,0,0,'#00007f','#00007f',87,0,NULL,NULL),(369,'Mahendragarh',0,0,0,0,'#00007f','#00007f',87,0,NULL,NULL),(370,'Upper Subansiri',0,0,0,0,'#00007f','#00007f',87,0,NULL,NULL),(371,'Nawada',0,0,0,0,'#00007f','#00007f',87,0,NULL,NULL),(372,'Gwalior',0,0,0,0,'#00007f','#00008c',87,1,NULL,NULL),(373,'Patna',0,0,1,0,'#007fff','#0000b3',87,4,NULL,NULL),(374,'Chitradurga',0,0,0,0,'#00007f','#00007f',87,0,NULL,NULL),(375,'Adilabad',0,0,0,0,'#00007f','#00007f',87,0,NULL,NULL),(376,'Alappuzha',0,0,0,0,'#00007f','#000099',87,2,NULL,NULL),(377,'Sirsa',0,0,0,0,'#00007f','#00007f',87,0,NULL,NULL),(378,'Gajapati',0,0,0,0,'#00007f','#00007f',87,0,NULL,NULL),(379,'Garhwal',0,0,0,0,'#00007f','#00008c',87,1,NULL,NULL),(380,'Muzaffarnagar',0,0,0,0,'#00007f','#00007f',87,0,NULL,NULL),(381,'Solapur',0,0,0,0,'#00007f','#00007f',87,0,NULL,NULL),(382,'Kendujhar',0,0,0,0,'#00007f','#00007f',87,0,NULL,NULL),(383,'West Khasi Hills',0,0,0,0,'#00007f','#00007f',87,0,NULL,NULL),(384,'Tirunelveli',0,0,0,0,'#00007f','#00008c',87,1,NULL,NULL),(385,'Barmer',0,0,0,0,'#00007f','#00007f',87,0,NULL,NULL),(386,'Hoshangabad',0,0,0,0,'#00007f','#00007f',87,0,NULL,NULL),(387,'North District',0,0,0,0,'#00007f','#00007f',87,0,NULL,NULL),(388,'Anantapur',0,0,0,0,'#00007f','#00007f',87,0,NULL,NULL),(389,'Lakshadweep',0,0,0,0,'#00007f','#00007f',87,0,NULL,NULL),(390,'Dima Hasao',0,0,0,0,'#00007f','#00007f',87,0,NULL,NULL),(391,'Bareilly',0,0,0,0,'#00007f','#00007f',87,0,NULL,NULL),(392,'Bara Banki',0,0,0,0,'#00007f','#00007f',87,0,NULL,NULL),(393,'Siddharthnagar',0,0,0,0,'#00007f','#00007f',87,0,NULL,NULL),(394,'Jhalawar',0,0,0,0,'#00007f','#00007f',87,0,NULL,NULL),(395,'Nanded',0,0,0,0,'#00007f','#00007f',87,0,NULL,NULL),(396,'Lakhisarai',0,0,0,0,'#00007f','#00007f',87,0,NULL,NULL),(397,'Ganjam',0,0,0,0,'#00007f','#00007f',87,0,NULL,NULL),(398,'Mandi',0,0,0,0,'#00007f','#00007f',87,0,NULL,NULL),(399,'Jaunpur',0,0,0,0,'#00007f','#00007f',87,0,NULL,NULL),(400,'Bhavnagar',0,0,1,0,'#007fff','#00008c',87,1,NULL,NULL),(401,'Rudraprayag',0,0,0,0,'#00007f','#00007f',87,0,NULL,NULL),(402,'Dhenkanal',0,0,0,0,'#00007f','#00007f',87,0,NULL,NULL),(403,'Panchkula',0,0,0,0,'#00007f','#00008c',87,1,NULL,NULL),(404,'Kanniyakumari',0,0,0,0,'#00007f','#00007f',87,0,NULL,NULL),(405,'Bharuch',0,0,0,0,'#00007f','#00007f',87,0,NULL,NULL),(406,'Dharwad',0,0,0,0,'#00007f','#00008c',87,1,NULL,NULL),(407,'Nalanda',0,0,0,0,'#00007f','#00008c',87,1,NULL,NULL),(408,'Kanshiram Nagar',0,0,0,0,'#00007f','#00007f',87,0,NULL,NULL),(409,'Hingoli',0,0,0,0,'#00007f','#00007f',87,0,NULL,NULL),(410,'Srikakulam',0,0,0,0,'#00007f','#00007f',87,0,NULL,NULL),(411,'Bundi',0,0,0,0,'#00007f','#00007f',87,0,NULL,NULL),(412,'Balrampur',0,0,0,0,'#00007f','#00007f',87,0,NULL,NULL),(413,'Jodhpur',0,0,0,0,'#00007f','#0000cc',87,6,NULL,NULL),(414,'Narmada',0,0,0,0,'#00007f','#00007f',87,0,NULL,NULL),(415,'Rewari',0,0,0,0,'#00007f','#00007f',87,0,NULL,NULL),(416,'Sikar',0,0,0,0,'#00007f','#00008c',87,1,NULL,NULL),(417,'Vadadora',0,0,0,0,'#00007f','#0000f3',87,9,NULL,NULL),(418,'Raichur',0,0,0,0,'#00007f','#00007f',87,0,NULL,NULL),(419,'East Siang',0,0,0,0,'#00007f','#00007f',87,0,NULL,NULL),(420,'Kandhamal',0,0,0,0,'#00007f','#00007f',87,0,NULL,NULL),(421,'Lahul & Spiti',0,0,0,0,'#00007f','#00007f',87,0,NULL,NULL),(422,'Janjgir - Champa',0,0,0,0,'#00007f','#00007f',87,0,NULL,NULL),(423,'West Tripura',0,0,0,0,'#00007f','#00007f',87,0,NULL,NULL),(424,'Tiruchinappalli',0,0,0,0,'#00007f','#00008c',87,1,NULL,NULL),(425,'West Kameng',0,0,0,0,'#00007f','#00007f',87,0,NULL,NULL),(426,'Virudhunagar',0,0,0,0,'#00007f','#00007f',87,0,NULL,NULL),(427,'Bastar',0,0,0,0,'#00007f','#00007f',87,0,NULL,NULL),(428,'Baramula',0,0,0,0,'#00007f','#00008c',87,1,NULL,NULL),(429,'West Nimar',0,0,0,0,'#00007f','#00007f',87,0,NULL,NULL),(430,'Ri Bhoi',0,0,0,0,'#00007f','#00007f',87,0,NULL,NULL),(431,'South Tripura',0,0,0,0,'#00007f','#00007f',87,0,NULL,NULL),(432,'Dharmapuri',0,0,0,0,'#00007f','#00007f',87,0,NULL,NULL),(433,'Fatehabad',0,0,0,0,'#00007f','#00007f',87,0,NULL,NULL),(434,'Jaintia Hills',0,0,0,0,'#00007f','#00007f',87,0,NULL,NULL),(435,'Kolhapur',0,0,0,0,'#00007f','#00008c',87,1,NULL,NULL),(436,'Nalbari',0,0,0,0,'#00007f','#00007f',87,0,NULL,NULL),(437,'Karbi Anglong',0,0,0,0,'#00007f','#00007f',87,0,NULL,NULL),(438,'Baghpat',0,0,0,0,'#00007f','#00008c',87,1,NULL,NULL),(439,'Surguja',0,0,0,0,'#00007f','#00007f',87,0,NULL,NULL),(440,'Ramgarh',0,0,0,0,'#00007f','#00007f',87,0,NULL,NULL),(441,'Hailakandi',0,0,0,0,'#00007f','#00007f',87,0,NULL,NULL),(442,'Kozhikode',0,0,0,0,'#00007f','#0000d9',87,7,NULL,NULL),(443,'Garhwa',0,0,0,0,'#00007f','#00007f',87,0,NULL,NULL),(444,'Purnia',0,0,0,0,'#00007f','#00007f',87,0,NULL,NULL),(445,'Dingugul',0,0,0,0,'#00007f','#00007f',87,0,NULL,NULL),(446,'Churu',0,0,0,0,'#00007f','#00008c',87,1,NULL,NULL),(447,'Sagar',0,0,0,0,'#00007f','#00007f',87,0,NULL,NULL),(448,'Jabalpur',0,0,0,0,'#00007f','#0000e6',87,8,NULL,NULL),(449,'Kottayam',0,0,0,0,'#00007f','#0000c0',87,5,NULL,NULL),(450,'Changlang',0,0,0,0,'#00007f','#00007f',87,0,NULL,NULL),(451,'Dibang Valley',0,0,0,0,'#00007f','#00007f',87,0,NULL,NULL),(452,'Sultanpur',0,0,0,0,'#00007f','#00007f',87,0,NULL,NULL),(453,'SAS Nagar',0,0,0,0,'#00007f','#0000cc',87,6,NULL,NULL),(454,'Samastipur',0,0,0,0,'#00007f','#00007f',87,0,NULL,NULL),(455,'Dadra and Nagar Haveli',0,0,0,0,'#00007f','#00007f',87,0,NULL,NULL),(456,'Pathanamthitta',0,0,0,0,'#00007f','#0001ff',87,10,NULL,NULL),(457,'Bokaro',0,0,0,0,'#00007f','#00007f',87,0,NULL,NULL),(458,'Subarnapur',0,0,0,0,'#00007f','#00007f',87,0,NULL,NULL),(459,'Jorhat',0,0,0,0,'#00007f','#00007f',87,0,NULL,NULL),(460,'Nayagarh',0,0,0,0,'#00007f','#00007f',87,0,NULL,NULL),(461,'Tarn Taran',0,0,0,0,'#00007f','#00007f',87,0,NULL,NULL),(462,'Puri',0,0,0,0,'#00007f','#00007f',87,0,NULL,NULL),(463,'Solan',0,0,0,0,'#00007f','#00007f',87,0,NULL,NULL),(464,'Amritsar',0,0,0,0,'#00007f','#000099',87,2,NULL,NULL),(465,'Banas Kantha',0,0,0,0,'#00007f','#00007f',87,0,NULL,NULL),(466,'Jalor',0,0,0,0,'#00007f','#00007f',87,0,NULL,NULL),(467,'Shimoga',0,0,0,0,'#00007f','#00007f',87,0,NULL,NULL),(468,'GBN_Faridabad',0,0,0,0,'#00007f','#009cff',87,22,NULL,NULL),(469,'Kurukshetra',0,0,0,0,'#00007f','#00007f',87,0,NULL,NULL),(470,'South Garo Hills',0,0,0,0,'#00007f','#00007f',87,0,NULL,NULL),(471,'Mysore',0,0,0,0,'#00007f','#0000b3',87,4,NULL,NULL),(472,'Bulandshahr',0,0,0,0,'#00007f','#00007f',87,0,NULL,NULL),(473,'Begusarai',0,0,0,0,'#00007f','#00007f',87,0,NULL,NULL),(474,'Kendrapara',0,0,0,0,'#00007f','#00007f',87,0,NULL,NULL),(475,'Nainital',0,0,0,0,'#00007f','#00007f',87,0,NULL,NULL),(476,'Rohtak',0,0,0,0,'#00007f','#00007f',87,0,NULL,NULL),(477,'Surendranagar',0,0,0,0,'#00007f','#00007f',87,0,NULL,NULL),(478,'Bijnor',0,0,0,0,'#00007f','#00007f',87,0,NULL,NULL),(479,'Betul',0,0,0,0,'#00007f','#00007f',87,0,NULL,NULL),(480,'Uttar Dinajpur',0,0,0,0,'#00007f','#00007f',87,0,NULL,NULL),(481,'Koppal',0,0,0,0,'#00007f','#00007f',87,0,NULL,NULL),(482,'Rajouri',0,0,0,0,'#00007f','#0000a6',87,3,NULL,NULL),(483,'Shupiyan',0,0,0,0,'#00007f','#00007f',87,0,NULL,NULL),(484,'Tumkur',0,0,1,0,'#007fff','#00008c',87,1,NULL,NULL),(485,'Nagaon',0,0,0,0,'#00007f','#00007f',87,0,NULL,NULL),(486,'Nuapada',0,0,0,0,'#00007f','#00007f',87,0,NULL,NULL),(487,'Daman',0,0,0,0,'#00007f','#00007f',87,0,NULL,NULL),(488,'Kolasib',0,0,0,0,'#00007f','#00007f',87,0,NULL,NULL),(489,'Raigarh',0,0,0,0,'#00007f','#00008c',87,1,NULL,NULL),(490,'Hoshiarpur',0,0,0,0,'#00007f','#0000c0',87,5,NULL,NULL),(491,'Champhai',0,0,0,0,'#00007f','#00007f',87,0,NULL,NULL),(492,'Lohardaga',0,0,0,0,'#00007f','#00007f',87,0,NULL,NULL),(493,'Hugli',0,0,0,0,'#00007f','#00007f',87,0,NULL,NULL),(494,'Koch Bihar',0,0,0,0,'#00007f','#00007f',87,0,NULL,NULL),(495,'Madhopura',0,0,0,0,'#00007f','#00007f',87,0,NULL,NULL),(496,'West Godavari',0,0,0,0,'#00007f','#00007f',87,0,NULL,NULL),(497,'Gorakhpur',0,0,0,0,'#00007f','#00007f',87,0,NULL,NULL),(498,'Satara',0,0,0,0,'#00007f','#000099',87,2,NULL,NULL),(499,'Papum Pare',0,0,0,0,'#00007f','#00007f',87,0,NULL,NULL),(500,'Jagatsinghapur',0,0,0,0,'#00007f','#00007f',87,0,NULL,NULL),(501,'Mamit',0,0,0,0,'#00007f','#00007f',87,0,NULL,NULL),(502,'Alirajpur',0,0,0,0,'#00007f','#00007f',87,0,NULL,NULL),(503,'Paschim Medinipur',0,0,0,0,'#00007f','#00007f',87,0,NULL,NULL),(504,'Shimla',0,0,0,0,'#00007f','#00007f',87,0,NULL,NULL),(505,'Deoria',0,0,0,0,'#00007f','#00007f',87,0,NULL,NULL),(506,'Sambalpur',0,0,0,0,'#00007f','#00007f',87,0,NULL,NULL),(507,'Rajkot',0,0,0,0,'#00007f','#0000e6',87,8,NULL,NULL),(508,'Lakhimpur',0,0,0,0,'#00007f','#00007f',87,0,NULL,NULL),(509,'Vaishali',0,0,0,0,'#00007f','#00007f',87,0,NULL,NULL),(510,'West Siang',0,0,0,0,'#00007f','#00007f',87,0,NULL,NULL),(511,'Bishnupur',0,0,0,0,'#00007f','#00007f',87,0,NULL,NULL),(512,'Dhemaji',0,0,0,0,'#00007f','#00007f',87,0,NULL,NULL),(513,'Chittoor',0,0,0,0,'#00007f','#00008c',87,1,NULL,NULL),(514,'Ahmadnagar',0,0,0,0,'#00007f','#0000a6',87,3,NULL,NULL),(515,'Satna',0,0,0,0,'#00007f','#00007f',87,0,NULL,NULL),(516,'Delhi',0,0,1,0,'#007fff','#85ff79',87,40,NULL,NULL),(517,'Phek',0,0,0,0,'#00007f','#00007f',87,0,NULL,NULL),(518,'Kolar',0,0,0,0,'#00007f','#00007f',87,0,NULL,NULL),(519,'Chamba',0,0,0,0,'#00007f','#00007f',87,0,NULL,NULL),(520,'Balaghat',0,0,0,0,'#00007f','#00007f',87,0,NULL,NULL),(521,'Gurgaon',0,0,0,0,'#00007f','#00b6ff',87,24,NULL,NULL),(522,'Malkangiri',0,0,0,0,'#00007f','#00007f',87,0,NULL,NULL),(523,'Mandla',0,0,0,0,'#00007f','#00007f',87,0,NULL,NULL),(524,'Panna',0,0,0,0,'#00007f','#00007f',87,0,NULL,NULL),(525,'Sangli',0,0,0,0,'#00007f','#00b6ff',87,24,NULL,NULL),(526,'Muzaffarpur',0,0,0,0,'#00007f','#00007f',87,0,NULL,NULL),(527,'Hanumangarh',0,0,0,0,'#00007f','#00007f',87,0,NULL,NULL),(528,'Kiphire',0,0,0,0,'#00007f','#00007f',87,0,NULL,NULL),(529,'Kurnool',0,0,0,0,'#00007f','#00007f',87,0,NULL,NULL),(530,'Rajnandgaon',0,0,0,0,'#00007f','#00008c',87,1,NULL,NULL),(531,'Jamnagar',0,0,0,0,'#00007f','#00007f',87,0,NULL,NULL),(532,'West District',0,0,0,0,'#00007f','#00007f',87,0,NULL,NULL),(533,'Viluppuram',0,0,0,0,'#00007f','#00007f',87,0,NULL,NULL),(534,'Washim',0,0,0,0,'#00007f','#00007f',87,0,NULL,NULL),(535,'Sheopur',0,0,0,0,'#00007f','#00007f',87,0,NULL,NULL),(536,'Supaul',0,0,0,0,'#00007f','#00007f',87,0,NULL,NULL),(537,'Thiruvallur',0,0,0,0,'#00007f','#00007f',87,0,NULL,NULL),(538,'Jhabua',0,0,0,0,'#00007f','#00007f',87,0,NULL,NULL),(539,'Lunglei',0,0,0,0,'#00007f','#00007f',87,0,NULL,NULL),(540,'North Tripura',0,0,0,0,'#00007f','#00007f',87,0,NULL,NULL),(541,'Munger',0,0,0,0,'#00007f','#0000a6',87,3,NULL,NULL),(542,'Perambalur',0,0,0,0,'#00007f','#00007f',87,0,NULL,NULL),(543,'Dohad',0,0,0,0,'#00007f','#00007f',87,0,NULL,NULL),(544,'Guna',0,0,0,0,'#00007f','#00007f',87,0,NULL,NULL),(545,'Bhiwani',0,0,0,0,'#00007f','#00007f',87,0,NULL,NULL),(546,'Karimganj',0,0,0,0,'#00007f','#00007f',87,0,NULL,NULL),(547,'Mahbubnagar',0,0,0,0,'#00007f','#00007f',87,0,NULL,NULL),(548,'Ramanathapuram',0,0,0,0,'#00007f','#00007f',87,0,NULL,NULL),(549,'Simdega',0,0,0,0,'#00007f','#00007f',87,0,NULL,NULL),(550,'Moga',0,0,0,0,'#00007f','#00007f',87,0,NULL,NULL),(551,'Jyotiba Nagar',0,0,0,0,'#00007f','#00007f',87,0,NULL,NULL),(552,'Ratnagiri',0,0,0,0,'#00007f','#00008c',87,1,NULL,NULL),(553,'Banswara',0,0,0,0,'#00007f','#00007f',87,0,NULL,NULL),(554,'Puruliya',0,0,0,0,'#00007f','#00007f',87,0,NULL,NULL),(555,'Karur',0,0,0,0,'#00007f','#00007f',87,0,NULL,NULL),(556,'Saraikela-Kharsawan',0,0,0,0,'#00007f','#00007f',87,0,NULL,NULL),(557,'Sonbhadra',0,0,0,0,'#00007f','#00007f',87,0,NULL,NULL),(558,'Kabeerdham',0,0,0,0,'#00007f','#00007f',87,0,NULL,NULL),(559,'Meerut',0,0,0,0,'#00007f','#00007f',87,0,NULL,NULL),(560,'Belgaum',0,0,0,0,'#00007f','#00007f',87,0,NULL,NULL),(561,'Gulbarga',0,0,1,0,'#007fff','#0000a6',87,3,NULL,NULL),(562,'East Khasi Hills',0,0,0,0,'#00007f','#00007f',87,0,NULL,NULL),(563,'Firozabad',0,0,0,0,'#00007f','#00007f',87,0,NULL,NULL),(564,'Jalaun',0,0,0,0,'#00007f','#00007f',87,0,NULL,NULL),(565,'Pithoragarh',0,0,0,0,'#00007f','#00007f',87,0,NULL,NULL),(566,'Sindhugurg',0,0,0,0,'#00007f','#00007f',87,0,NULL,NULL),(567,'Diu',0,0,0,0,'#00007f','#00007f',87,0,NULL,NULL),(568,'Sehore',0,0,0,0,'#00007f','#00007f',87,0,NULL,NULL),(569,'Ganganagar',0,0,0,0,'#00007f','#00007f',87,0,NULL,NULL),(570,'Dungarpur',0,0,0,0,'#00007f','#000099',87,2,NULL,NULL),(571,'Pilibhit',0,0,0,0,'#00007f','#00008c',87,1,NULL,NULL),(572,'Mahraganj',0,0,0,0,'#00007f','#00007f',87,0,NULL,NULL),(573,'Sangrur',0,0,0,0,'#00007f','#00007f',87,0,NULL,NULL),(574,'Mahamaya Nagar',0,0,0,0,'#00007f','#00007f',87,0,NULL,NULL),(575,'Katni',0,0,0,0,'#00007f','#00007f',87,0,NULL,NULL),(576,'Nagaru',0,0,0,0,'#00007f','#00007f',87,0,NULL,NULL),(577,'Patiala',0,0,0,0,'#00007f','#00007f',87,0,NULL,NULL),(578,'Kannur',0,0,0,0,'#00007f','#00ddff',87,27,NULL,NULL),(579,'Shrawasti',0,0,0,0,'#00007f','#00007f',87,0,NULL,NULL),(580,'Kangra',0,0,1,0,'#007fff','#0000a6',87,3,NULL,NULL),(581,'Wayanad',0,0,0,0,'#00007f','#00008c',87,1,NULL,NULL),(582,'Baudh',0,0,0,0,'#00007f','#00007f',87,0,NULL,NULL),(583,'Yamunanagar',0,0,0,0,'#00007f','#00007f',87,0,NULL,NULL),(584,'Madurai',0,0,1,0,'#007fff','#000099',87,2,NULL,NULL),(585,'Dakshin Bastar Dantewada',0,0,0,0,'#00007f','#00007f',87,0,NULL,NULL),(586,'Dhule',0,0,0,0,'#00007f','#00007f',87,0,NULL,NULL),(587,'Khagaria',0,0,0,0,'#00007f','#00007f',87,0,NULL,NULL),(588,'Kalahandi',0,0,0,0,'#00007f','#00007f',87,0,NULL,NULL),(589,'Thiruvananthapuram',0,0,0,0,'#00007f','#0000c0',87,5,NULL,NULL),(590,'Kodarma',0,0,0,0,'#00007f','#00007f',87,0,NULL,NULL),(591,'Pakur',0,0,0,0,'#00007f','#00007f',87,0,NULL,NULL),(592,'Saharanpur',0,0,0,0,'#00007f','#00007f',87,0,NULL,NULL),(593,'Rewa',0,0,0,0,'#00007f','#00007f',87,0,NULL,NULL),(594,'Churachandpur',0,0,0,0,'#00007f','#00007f',87,0,NULL,NULL),(595,'Imphal West',0,0,0,0,'#00007f','#00008c',87,1,NULL,NULL),(596,'Yadgir',0,0,0,0,'#00007f','#00007f',87,0,NULL,NULL),(597,'Hazaribagh',0,0,0,0,'#00007f','#00007f',87,0,NULL,NULL),(598,'Kurung Kumey',0,0,0,0,'#00007f','#00007f',87,0,NULL,NULL),(599,'Malappuram',0,0,0,0,'#00007f','#0000e6',87,8,NULL,NULL),(600,'Dindori',0,0,0,0,'#00007f','#00007f',87,0,NULL,NULL),(601,'Tiruvannamalai',0,0,0,0,'#00007f','#00007f',87,0,NULL,NULL),(602,'Sheikhpura',0,0,0,0,'#00007f','#00007f',87,0,NULL,NULL),(603,'Samba',0,0,0,0,'#00007f','#00007f',87,0,NULL,NULL),(604,'Umaria',0,0,0,0,'#00007f','#00007f',87,0,NULL,NULL),(605,'East District',0,0,0,0,'#00007f','#00007f',87,0,NULL,NULL),(606,'Kolkata',0,0,1,0,'#007fff','#0000cc',87,6,NULL,NULL),(607,'Kaushambi',0,0,0,0,'#00007f','#00007f',87,0,NULL,NULL),(608,'Pratapgarh',0,0,0,0,'#00007f','#000099',87,2,NULL,NULL),(609,'Balangir',0,0,0,0,'#00007f','#00007f',87,0,NULL,NULL),(610,'Visakhapatnam',0,0,0,0,'#00007f','#0000b3',87,4,NULL,NULL),(611,'Imphal East',0,0,0,0,'#00007f','#00007f',87,0,NULL,NULL),(612,'Kishtwar',0,0,0,0,'#00007f','#00007f',87,0,NULL,NULL),(613,'Ludhiana',0,0,0,0,'#00007f','#000099',87,2,NULL,NULL),(614,'Prakasam',0,0,0,0,'#00007f','#00008c',87,1,NULL,NULL),(615,'Faizabad',0,0,0,0,'#00007f','#00007f',87,0,NULL,NULL),(616,'Chhatarpur',0,0,0,0,'#00007f','#00007f',87,0,NULL,NULL),(617,'Faridabad',0,0,0,0,'#00007f','#000099',87,2,NULL,NULL),(618,'Sidhi',0,0,0,0,'#00007f','#00007f',87,0,NULL,NULL),(619,'Mahasamund',0,0,0,0,'#00007f','#00007f',87,0,NULL,NULL),(620,'Birbhum',0,0,0,0,'#00007f','#00007f',87,0,NULL,NULL),(621,'Tamenglong',0,0,0,0,'#00007f','#00007f',87,0,NULL,NULL),(622,'Kulgam',0,0,0,0,'#00007f','#00007f',87,0,NULL,NULL),(623,'Sitapur',0,0,0,0,'#00007f','#00007f',87,0,NULL,NULL),(624,'East Nimar',0,0,0,0,'#00007f','#00007f',87,0,NULL,NULL),(625,'Barpeta',0,0,0,0,'#00007f','#00007f',87,0,NULL,NULL),(626,'Almora',0,0,0,0,'#00007f','#00007f',87,0,NULL,NULL);
/*!40000 ALTER TABLE `website_subregion` ENABLE KEYS */;
UNLOCK TABLES;
SET @@SESSION.SQL_LOG_BIN = @MYSQLDUMP_TEMP_LOG_BIN;
/*!40103 SET TIME_ZONE=@OLD_TIME_ZONE */;

/*!40101 SET SQL_MODE=@OLD_SQL_MODE */;
/*!40014 SET FOREIGN_KEY_CHECKS=@OLD_FOREIGN_KEY_CHECKS */;
/*!40014 SET UNIQUE_CHECKS=@OLD_UNIQUE_CHECKS */;
/*!40101 SET CHARACTER_SET_CLIENT=@OLD_CHARACTER_SET_CLIENT */;
/*!40101 SET CHARACTER_SET_RESULTS=@OLD_CHARACTER_SET_RESULTS */;
/*!40101 SET COLLATION_CONNECTION=@OLD_COLLATION_CONNECTION */;
/*!40111 SET SQL_NOTES=@OLD_SQL_NOTES */;

-- Dump completed on 2020-04-09 14:49:31
